engine,frame,time_ps_mda,n_res_4p0A,n_res_5p0A,n_res_6p0A,time_ps,time_ns,C4_O1_A,RS_label,RS_label_raw,signed_triple_O1_C5phenyl_C3chain_about_C4
gromacs_1k_timing,0,0.0,12,13,18,0.0,0.0,4.362784385681152,R-like,R_like_by_product_reference,-0.7676830887794495
gromacs_1k_timing,1,5.0,10,14,20,5.0,0.005,4.423764228820801,R-like,R_like_by_product_reference,-2.339578151702881
gromacs_1k_timing,2,10.0,11,14,17,10.0,0.01,4.655547618865967,R-like,R_like_by_product_reference,-1.5747274160385132
gromacs_1k_timing,3,15.0,10,15,18,15.0,0.015,4.349964618682861,R-like,R_like_by_product_reference,-2.178895950317383
gromacs_1k_timing,4,20.0,10,16,18,20.0,0.02,4.6961822509765625,R-like,R_like_by_product_reference,-2.371284484863281
gromacs_1k_timing,5,25.0,10,14,18,25.0,0.025,4.648458957672119,R-like,R_like_by_product_reference,-2.3669509887695312
gromacs_1k_timing,6,30.0,9,15,19,30.0,0.03,4.614651679992676,R-like,R_like_by_product_reference,-1.83565890789032
gromacs_1k_timing,7,35.0,10,14,18,35.0,0.035,4.642251014709473,R-like,R_like_by_product_reference,-3.059772253036499
gromacs_1k_timing,8,40.0,11,16,19,40.0,0.04,4.539228916168213,R-like,R_like_by_product_reference,-1.9953025579452517
gromacs_1k_timing,9,45.0,10,14,20,45.0,0.045,4.646568298339844,R-like,R_like_by_product_reference,-2.34984827041626
gromacs_1k_timing,10,50.0,11,17,18,50.0,0.05,4.557915210723877,R-like,R_like_by_product_reference,-1.6075857877731323
gromacs_1k_timing,11,55.0,12,15,19,55.0,0.055,4.300108909606934,R-like,R_like_by_product_reference,-0.8974429965019226
gromacs_1k_timing,12,60.0,12,16,19,60.0,0.06,4.65317440032959,S-like,S_like_by_product_reference,0.1728998869657516
gromacs_1k_timing,13,65.0,12,16,18,65.0,0.065,4.578349113464356,R-like,R_like_by_product_reference,-1.980990648269653
gromacs_1k_timing,14,70.0,10,14,19,70.0,0.07,4.310695171356201,R-like,R_like_by_product_reference,-0.8056755661964417
gromacs_1k_timing,15,75.0,12,14,18,75.0,0.075,4.4434332847595215,R-like,R_like_by_product_reference,-2.381598234176636
gromacs_1k_timing,16,80.0,11,14,17,80.0,0.08,4.24078893661499,R-like,R_like_by_product_reference,-0.6437134146690369
gromacs_1k_timing,17,85.0,12,13,19,85.0,0.085,4.377336025238037,R-like,R_like_by_product_reference,-1.179741144180298
gromacs_1k_timing,18,90.0,9,14,18,90.0,0.09,4.23761796951294,R-like,R_like_by_product_reference,-1.0155805349349976
gromacs_1k_timing,19,95.0,11,13,20,95.0,0.095,4.300477981567383,R-like,R_like_by_product_reference,-0.4553063809871673
gromacs_1k_timing,20,100.0,12,15,18,100.0,0.1,4.435223579406738,R-like,R_like_by_product_reference,-0.3532721102237701
gromacs_1k_timing,21,105.0,12,15,23,105.0,0.105,4.358785629272461,S-like,S_like_by_product_reference,1.9738585948944087
gromacs_1k_timing,22,110.0,11,14,17,110.0,0.11,4.2378997802734375,R-like,R_like_by_product_reference,-2.0154812335968018
gromacs_1k_timing,23,115.0,9,14,18,115.0,0.115,4.19959831237793,R-like,R_like_by_product_reference,-1.9477461576461792
gromacs_1k_timing,24,120.0,11,13,16,120.0,0.12,4.33112096786499,R-like,R_like_by_product_reference,-1.1111067533493042
gromacs_1k_timing,25,125.0,9,13,19,125.0,0.125,4.139179229736328,R-like,R_like_by_product_reference,-0.1398750245571136
gromacs_1k_timing,26,130.0,9,15,17,130.0,0.13,4.242331504821777,R-like,R_like_by_product_reference,-0.1920613646507263
gromacs_1k_timing,27,135.0,10,14,17,135.0,0.135,4.298058986663818,R-like,R_like_by_product_reference,-0.3752638697624206
gromacs_1k_timing,28,140.0,12,14,20,140.0,0.14,4.286211490631104,R-like,R_like_by_product_reference,-1.1455312967300415
gromacs_1k_timing,29,145.0,11,14,18,145.0,0.145,4.21181583404541,S-like,S_like_by_product_reference,0.1164636835455894
gromacs_1k_timing,30,150.0,11,15,17,150.0,0.15,4.302316665649414,S-like,S_like_by_product_reference,0.1135881915688514
gromacs_1k_timing,31,155.0,11,14,19,155.0,0.155,4.403319358825684,R-like,R_like_by_product_reference,-0.7886070013046265
gromacs_1k_timing,32,160.0,10,14,17,160.0,0.16,4.495045185089111,S-like,S_like_by_product_reference,0.22197325527668
gromacs_1k_timing,33,165.0,10,14,19,165.0,0.165,4.339282035827637,R-like,R_like_by_product_reference,-1.454702377319336
gromacs_1k_timing,34,170.0,11,15,17,170.0,0.17,4.261982440948486,R-like,R_like_by_product_reference,-0.2359801083803177
gromacs_1k_timing,35,175.0,11,14,18,175.0,0.175,4.434475898742676,R-like,R_like_by_product_reference,-1.339518904685974
gromacs_1k_timing,36,180.0,11,14,19,180.0,0.18,4.171462535858154,R-like,R_like_by_product_reference,-1.9354320764541624
gromacs_1k_timing,37,185.0,9,14,21,185.0,0.185,4.299373626708984,R-like,R_like_by_product_reference,-0.3169106543064117
gromacs_1k_timing,38,190.0,12,14,20,190.0,0.19,4.488483905792236,R-like,R_like_by_product_reference,-1.479965329170227
gromacs_1k_timing,39,195.0,9,15,18,195.0,0.195,4.439650058746338,S-like,S_like_by_product_reference,1.8612092733383176
gromacs_1k_timing,40,200.0,9,15,18,200.0,0.2,4.142959117889404,R-like,R_like_by_product_reference,-0.54132479429245
gromacs_1k_timing,41,205.0,11,14,19,205.0,0.205,4.213464736938477,R-like,R_like_by_product_reference,-0.6527059078216553
gromacs_1k_timing,42,210.0,10,15,19,210.0,0.21,4.299635410308838,R-like,R_like_by_product_reference,-0.8347440361976624
gromacs_1k_timing,43,215.0,11,14,20,215.0,0.215,4.204771518707275,R-like,R_like_by_product_reference,-0.9072054624557496
gromacs_1k_timing,44,220.0,11,15,17,220.0,0.22,4.244864940643311,R-like,R_like_by_product_reference,-1.1440805196762085
gromacs_1k_timing,45,225.0,11,14,18,225.0,0.225,4.225693702697754,R-like,R_like_by_product_reference,-1.2007635831832886
gromacs_1k_timing,46,230.0,11,14,18,230.0,0.23,4.335954189300537,R-like,R_like_by_product_reference,-0.3849768936634063
gromacs_1k_timing,47,235.0,11,14,21,235.0,0.235,4.3915696144104,R-like,R_like_by_product_reference,-0.5560272932052612
gromacs_1k_timing,48,240.0,12,15,19,240.0,0.24,4.288286685943604,R-like,R_like_by_product_reference,-1.582958459854126
gromacs_1k_timing,49,245.0,11,15,17,245.0,0.245,4.253692150115967,R-like,R_like_by_product_reference,-1.711809515953064
gromacs_1k_timing,50,250.0,11,12,19,250.0,0.25,4.350296974182129,R-like,R_like_by_product_reference,-1.467965841293335
gromacs_1k_timing,51,255.0,10,14,16,255.0,0.255,4.074075698852539,S-like,S_like_by_product_reference,4.665335178375244
gromacs_1k_timing,52,260.0,10,13,20,260.0,0.26,4.2694854736328125,R-like,R_like_by_product_reference,-1.1655941009521484
gromacs_1k_timing,53,265.0,10,14,19,265.0,0.265,4.19080924987793,S-like,S_like_by_product_reference,2.1146490573883057
gromacs_1k_timing,54,270.0,10,14,16,270.0,0.27,4.422151565551758,R-like,R_like_by_product_reference,-0.7180922627449036
gromacs_1k_timing,55,275.0,10,15,17,275.0,0.275,4.299302577972412,S-like,S_like_by_product_reference,1.9596794843673704
gromacs_1k_timing,56,280.0,9,14,19,280.0,0.28,4.354928970336914,R-like,R_like_by_product_reference,-1.6807270050048828
gromacs_1k_timing,57,285.0,11,14,16,285.0,0.285,4.3326802253723145,R-like,R_like_by_product_reference,-0.6787579655647278
gromacs_1k_timing,58,290.0,12,14,17,290.0,0.29,4.240232944488525,R-like,R_like_by_product_reference,-0.7057093977928162
gromacs_1k_timing,59,295.0,10,15,17,295.0,0.295,4.335758686065674,R-like,R_like_by_product_reference,-2.0084688663482666
gromacs_1k_timing,60,300.0,11,13,17,300.0,0.3,4.338538646697998,R-like,R_like_by_product_reference,-1.8104974031448364
gromacs_1k_timing,61,305.0,10,13,17,305.0,0.305,4.2886271476745605,R-like,R_like_by_product_reference,-0.1302023530006408
gromacs_1k_timing,62,310.0,11,14,18,310.0,0.31,4.197641372680664,R-like,R_like_by_product_reference,-2.338439702987671
gromacs_1k_timing,63,315.0,10,14,18,315.0,0.315,4.286743640899658,R-like,R_like_by_product_reference,-0.4488629698753357
gromacs_1k_timing,64,320.0,10,13,18,320.0,0.32,4.280910968780518,R-like,R_like_by_product_reference,-0.972371220588684
gromacs_1k_timing,65,325.0,11,13,20,325.0,0.325,4.433274745941162,R-like,R_like_by_product_reference,-0.8588070869445801
gromacs_1k_timing,66,330.0,12,14,19,330.0,0.33,4.250703811645508,R-like,R_like_by_product_reference,-0.8422802090644836
gromacs_1k_timing,67,335.0,11,14,18,335.0,0.335,4.339426517486572,R-like,R_like_by_product_reference,-1.2824804782867432
gromacs_1k_timing,68,340.0,11,14,17,340.0,0.34,4.263246536254883,R-like,R_like_by_product_reference,-1.572667121887207
gromacs_1k_timing,69,345.0,10,13,18,345.0,0.345,4.385998725891113,R-like,R_like_by_product_reference,-1.2096210718154907
gromacs_1k_timing,70,350.0,12,14,19,350.0,0.35,4.275442123413086,R-like,R_like_by_product_reference,-0.5100187063217163
gromacs_1k_timing,71,355.0,8,13,17,355.0,0.355,4.405123233795166,S-like,S_like_by_product_reference,2.7357594966888428
gromacs_1k_timing,72,360.0,12,14,18,360.0,0.36,4.294333457946777,S-like,S_like_by_product_reference,1.5538603067398071
gromacs_1k_timing,73,365.0,11,15,20,365.0,0.365,4.323216915130615,R-like,R_like_by_product_reference,-1.2196450233459473
gromacs_1k_timing,74,370.0,11,14,19,370.0,0.37,4.41283655166626,R-like,R_like_by_product_reference,-1.9437235593795776
gromacs_1k_timing,75,375.0,11,15,19,375.0,0.375,4.330136299133301,R-like,R_like_by_product_reference,-1.4839035272598269
gromacs_1k_timing,76,380.0,11,15,17,380.0,0.38,4.372127532958984,R-like,R_like_by_product_reference,-2.04273533821106
gromacs_1k_timing,77,385.0,11,14,18,385.0,0.385,4.452884674072266,R-like,R_like_by_product_reference,-1.247618556022644
gromacs_1k_timing,78,390.0,10,13,16,390.0,0.39,4.27178955078125,R-like,R_like_by_product_reference,-1.1553056240081787
gromacs_1k_timing,79,395.0,9,15,17,395.0,0.395,2.9257638454437256,R-like,R_like_by_product_reference,-3.4724738597869877
gromacs_1k_timing,80,400.0,9,15,17,400.0,0.4,3.302637815475464,R-like,R_like_by_product_reference,-2.9869089126586914
gromacs_1k_timing,81,405.0,9,13,17,405.0,0.405,3.174792051315308,R-like,R_like_by_product_reference,-1.6216366291046145
gromacs_1k_timing,82,410.0,10,15,15,410.0,0.41,3.152696371078491,R-like,R_like_by_product_reference,-4.063926696777344
gromacs_1k_timing,83,415.0,10,15,17,415.0,0.415,3.041792631149292,R-like,R_like_by_product_reference,-0.0931017622351646
gromacs_1k_timing,84,420.0,10,15,16,420.0,0.42,3.034487009048462,R-like,R_like_by_product_reference,-0.44801926612854
gromacs_1k_timing,85,425.0,10,14,18,425.0,0.425,3.107122898101806,R-like,R_like_by_product_reference,-2.764683723449707
gromacs_1k_timing,86,430.0,10,14,16,430.0,0.43,3.047722578048706,R-like,R_like_by_product_reference,-2.096308946609497
gromacs_1k_timing,87,435.0,12,14,17,435.0,0.435,3.239722728729248,R-like,R_like_by_product_reference,-3.410853385925293
gromacs_1k_timing,88,440.0,11,13,16,440.0,0.44,3.2437965869903564,R-like,R_like_by_product_reference,-2.99667763710022
gromacs_1k_timing,89,445.0,10,14,17,445.0,0.445,2.9389801025390625,S-like,S_like_by_product_reference,0.6724740862846375
gromacs_1k_timing,90,450.0,11,14,17,450.0,0.45,3.480429649353028,R-like,R_like_by_product_reference,-4.626345157623291
gromacs_1k_timing,91,455.0,9,13,16,455.0,0.455,3.113678216934204,S-like,S_like_by_product_reference,2.3196117877960205
gromacs_1k_timing,92,460.0,11,14,18,460.0,0.46,3.066528558731079,R-like,R_like_by_product_reference,-1.638259768486023
gromacs_1k_timing,93,465.0,13,14,17,465.0,0.465,3.00675892829895,S-like,S_like_by_product_reference,2.131278276443481
gromacs_1k_timing,94,470.0,10,14,19,470.0,0.47,3.2112932205200195,R-like,R_like_by_product_reference,-3.71283483505249
gromacs_1k_timing,95,475.0,9,15,17,475.0,0.475,2.9793615341186523,S-like,S_like_by_product_reference,0.1829752922058105
gromacs_1k_timing,96,480.0,12,15,20,480.0,0.48,2.866421937942505,S-like,S_like_by_product_reference,1.2846800088882446
gromacs_1k_timing,97,485.0,10,11,18,485.0,0.485,3.1666066646575928,R-like,R_like_by_product_reference,-1.006882905960083
gromacs_1k_timing,98,490.0,10,15,16,490.0,0.49,2.952711820602417,R-like,R_like_by_product_reference,-1.4945151805877686
gromacs_1k_timing,99,495.0,10,14,15,495.0,0.495,3.157989740371704,R-like,R_like_by_product_reference,-1.2520551681518557
gromacs_1k_timing,100,500.0,10,15,16,500.0,0.5,3.12092924118042,R-like,R_like_by_product_reference,-3.620300054550171
gromacs_1k_timing,101,505.0,10,14,18,505.0,0.505,3.0202345848083496,R-like,R_like_by_product_reference,-0.3097975850105285
gromacs_1k_timing,102,510.0,13,14,19,510.0,0.51,3.085012912750244,R-like,R_like_by_product_reference,-4.834051132202148
gromacs_1k_timing,103,515.0,9,13,17,515.0,0.515,3.231687307357788,R-like,R_like_by_product_reference,-2.096855640411377
gromacs_1k_timing,104,520.0,10,14,16,520.0,0.52,2.8419337272644043,S-like,S_like_by_product_reference,0.7692638635635376
gromacs_1k_timing,105,525.0,11,14,16,525.0,0.525,3.098052263259888,R-like,R_like_by_product_reference,-0.7697123885154724
gromacs_1k_timing,106,530.0,10,14,16,530.0,0.53,3.1970765590667725,R-like,R_like_by_product_reference,-1.852266311645508
gromacs_1k_timing,107,535.0,10,15,16,535.0,0.535,2.9373650550842285,S-like,S_like_by_product_reference,1.340243935585022
gromacs_1k_timing,108,540.0,12,14,17,540.0,0.54,3.114064693450928,R-like,R_like_by_product_reference,-2.797236919403076
gromacs_1k_timing,109,545.0,11,14,18,545.0,0.545,3.312009572982788,R-like,R_like_by_product_reference,-3.6668877601623535
gromacs_1k_timing,110,550.0,10,14,18,550.0,0.55,2.920853614807129,R-like,R_like_by_product_reference,-0.8449364900588989
gromacs_1k_timing,111,555.0,11,14,17,555.0,0.555,3.2203264236450195,R-like,R_like_by_product_reference,-3.760340690612793
gromacs_1k_timing,112,560.0,10,14,18,560.0,0.56,3.222203254699707,R-like,R_like_by_product_reference,-5.069930553436279
gromacs_1k_timing,113,565.0,12,14,21,565.0,0.565,3.818730592727661,R-like,R_like_by_product_reference,-4.9482741355896
gromacs_1k_timing,114,570.0,12,14,19,570.0,0.57,2.9996824264526367,R-like,R_like_by_product_reference,-1.550967812538147
gromacs_1k_timing,115,575.0,11,14,17,575.0,0.575,3.063234329223633,R-like,R_like_by_product_reference,-0.5188771486282349
gromacs_1k_timing,116,580.0,10,14,17,580.0,0.58,3.197667360305786,R-like,R_like_by_product_reference,-2.266117572784424
gromacs_1k_timing,117,585.0,10,15,17,585.0,0.585,3.2755126953125,S-like,S_like_by_product_reference,0.7727938294410706
gromacs_1k_timing,118,590.0,10,15,16,590.0,0.59,2.977266550064087,R-like,R_like_by_product_reference,-0.6286777853965759
gromacs_1k_timing,119,595.0,10,14,17,595.0,0.595,3.484952688217163,R-like,R_like_by_product_reference,-2.1105287075042725
gromacs_1k_timing,120,600.0,8,14,18,600.0,0.6,3.277634620666504,R-like,R_like_by_product_reference,-2.283641576766968
gromacs_1k_timing,121,605.0,11,16,18,605.0,0.605,3.0844943523406982,R-like,R_like_by_product_reference,-3.2162156105041504
gromacs_1k_timing,122,610.0,9,14,15,610.0,0.61,3.141032695770264,R-like,R_like_by_product_reference,-2.64603328704834
gromacs_1k_timing,123,615.0,9,14,17,615.0,0.615,3.232783079147339,R-like,R_like_by_product_reference,-3.306521415710449
gromacs_1k_timing,124,620.0,10,15,16,620.0,0.62,3.2551629543304443,S-like,S_like_by_product_reference,2.6741859912872314
gromacs_1k_timing,125,625.0,12,14,19,625.0,0.625,3.192509174346924,R-like,R_like_by_product_reference,-3.538758516311645
gromacs_1k_timing,126,630.0,10,14,18,630.0,0.63,3.1737349033355717,R-like,R_like_by_product_reference,-1.2512314319610596
gromacs_1k_timing,127,635.0,11,14,17,635.0,0.635,3.04435396194458,R-like,R_like_by_product_reference,-1.3521548509597778
gromacs_1k_timing,128,640.0,12,15,18,640.0,0.64,3.2803163528442383,R-like,R_like_by_product_reference,-3.4512815475463867
gromacs_1k_timing,129,645.0,11,14,16,645.0,0.645,3.2465665340423584,R-like,R_like_by_product_reference,-4.188925743103027
gromacs_1k_timing,130,650.0,10,14,17,650.0,0.65,3.232414960861206,R-like,R_like_by_product_reference,-2.256265640258789
gromacs_1k_timing,131,655.0,12,14,19,655.0,0.655,3.4877631664276123,R-like,R_like_by_product_reference,-5.768900871276856
gromacs_1k_timing,132,660.0,11,15,20,660.0,0.66,3.5060834884643555,S-like,S_like_by_product_reference,1.6491591930389404
gromacs_1k_timing,133,665.0,13,15,19,665.0,0.665,3.2502758502960205,S-like,S_like_by_product_reference,3.5661733150482178
gromacs_1k_timing,134,670.0,11,15,18,670.0,0.67,3.1960935592651367,R-like,R_like_by_product_reference,-0.0978140532970428
gromacs_1k_timing,135,675.0,11,15,16,675.0,0.675,3.1857831478118896,S-like,S_like_by_product_reference,0.2677676379680633
gromacs_1k_timing,136,680.0,10,14,18,680.0,0.68,3.055436134338379,R-like,R_like_by_product_reference,-1.5295960903167725
gromacs_1k_timing,137,685.0,10,14,18,685.0,0.685,3.145965576171875,R-like,R_like_by_product_reference,-0.8815107345581055
gromacs_1k_timing,138,690.0,11,15,18,690.0,0.69,3.251630544662476,R-like,R_like_by_product_reference,-2.4263570308685303
gromacs_1k_timing,139,695.0,11,14,19,695.0,0.695,3.2136733531951904,R-like,R_like_by_product_reference,-2.3656461238861084
gromacs_1k_timing,140,700.0,10,14,18,700.0,0.7,3.1298036575317383,R-like,R_like_by_product_reference,-1.6911271810531616
gromacs_1k_timing,141,705.0,10,14,17,705.0,0.705,3.287095546722412,R-like,R_like_by_product_reference,-4.098025798797607
gromacs_1k_timing,142,710.0,12,15,18,710.0,0.71,3.217657327651977,R-like,R_like_by_product_reference,-4.280055046081543
gromacs_1k_timing,143,715.0,12,15,16,715.0,0.715,3.042200088500977,R-like,R_like_by_product_reference,-1.1543790102005005
gromacs_1k_timing,144,720.0,10,15,17,720.0,0.72,2.993007183074951,R-like,R_like_by_product_reference,-2.332793474197388
gromacs_1k_timing,145,725.0,10,13,17,725.0,0.725,3.1821532249450684,R-like,R_like_by_product_reference,-2.668364763259888
gromacs_1k_timing,146,730.0,10,15,19,730.0,0.73,3.033499002456665,R-like,R_like_by_product_reference,-0.7904038429260254
gromacs_1k_timing,147,735.0,10,12,19,735.0,0.735,2.8894975185394287,R-like,R_like_by_product_reference,-1.158360242843628
gromacs_1k_timing,148,740.0,12,14,18,740.0,0.74,3.1333670616149902,R-like,R_like_by_product_reference,-1.7547950744628906
gromacs_1k_timing,149,745.0,10,13,17,745.0,0.745,3.227083444595337,R-like,R_like_by_product_reference,-2.3670361042022705
gromacs_1k_timing,150,750.0,10,13,16,750.0,0.75,3.2259249687194824,R-like,R_like_by_product_reference,-3.723779678344727
gromacs_1k_timing,151,755.0,10,14,15,755.0,0.755,3.097839117050171,R-like,R_like_by_product_reference,-2.0480220317840576
gromacs_1k_timing,152,760.0,11,15,17,760.0,0.76,3.080487012863159,S-like,S_like_by_product_reference,0.8725411295890808
gromacs_1k_timing,153,765.0,10,14,17,765.0,0.765,3.131354808807373,R-like,R_like_by_product_reference,-4.430323123931885
gromacs_1k_timing,154,770.0,11,13,16,770.0,0.77,3.130769729614258,R-like,R_like_by_product_reference,-3.0855908393859863
gromacs_1k_timing,155,775.0,10,15,16,775.0,0.775,2.986921787261963,R-like,R_like_by_product_reference,-0.6816109418869019
gromacs_1k_timing,156,780.0,11,15,16,780.0,0.78,3.03455138206482,R-like,R_like_by_product_reference,-4.319770812988281
gromacs_1k_timing,157,785.0,9,14,15,785.0,0.785,3.0334997177124023,S-like,S_like_by_product_reference,1.495544195175171
gromacs_1k_timing,158,790.0,10,13,17,790.0,0.79,2.9156978130340576,R-like,R_like_by_product_reference,-4.524026870727539
gromacs_1k_timing,159,795.0,10,13,16,795.0,0.795,3.1583056449890137,R-like,R_like_by_product_reference,-3.417642831802368
gromacs_1k_timing,160,800.0,11,14,17,800.0,0.8,3.054769515991211,R-like,R_like_by_product_reference,-2.933342456817627
gromacs_1k_timing,161,805.0,11,13,17,805.0,0.805,3.007824420928955,R-like,R_like_by_product_reference,-3.84808611869812
gromacs_1k_timing,162,810.0,10,13,18,810.0,0.81,3.162959337234497,R-like,R_like_by_product_reference,-2.406179189682007
gromacs_1k_timing,163,815.0,12,14,15,815.0,0.815,3.055176258087158,R-like,R_like_by_product_reference,-3.140113592147827
gromacs_1k_timing,164,820.0,10,14,15,820.0,0.82,3.0790903568267822,R-like,R_like_by_product_reference,-3.7890894412994394
gromacs_1k_timing,165,825.0,10,14,16,825.0,0.825,3.044567823410034,R-like,R_like_by_product_reference,-2.827247381210327
gromacs_1k_timing,166,830.0,10,14,15,830.0,0.83,2.9185445308685303,R-like,R_like_by_product_reference,-2.579444169998169
gromacs_1k_timing,167,835.0,9,14,15,835.0,0.835,2.9032745361328125,R-like,R_like_by_product_reference,-0.1100985780358314
gromacs_1k_timing,168,840.0,9,14,15,840.0,0.84,3.130652666091919,R-like,R_like_by_product_reference,-1.870848059654236
gromacs_1k_timing,169,845.0,11,14,17,845.0,0.845,3.312657594680786,R-like,R_like_by_product_reference,-2.9776482582092285
gromacs_1k_timing,170,850.0,10,14,17,850.0,0.85,3.1768229007720947,R-like,R_like_by_product_reference,-2.581989288330078
gromacs_1k_timing,171,855.0,9,14,16,855.0,0.855,3.4012343883514404,R-like,R_like_by_product_reference,-4.490971088409424
gromacs_1k_timing,172,860.0,10,14,15,860.0,0.86,3.245598077774048,R-like,R_like_by_product_reference,-4.415266990661621
gromacs_1k_timing,173,865.0,11,14,16,865.0,0.865,2.9882967472076416,R-like,R_like_by_product_reference,-3.4135241508483887
gromacs_1k_timing,174,870.0,11,13,18,870.0,0.87,2.8979666233062744,R-like,R_like_by_product_reference,-2.033223867416382
gromacs_1k_timing,175,875.0,12,14,15,875.0,0.875,3.064849376678467,R-like,R_like_by_product_reference,-3.7799830436706543
gromacs_1k_timing,176,880.0,12,15,17,880.0,0.88,2.980870246887207,R-like,R_like_by_product_reference,-2.1674277782440186
gromacs_1k_timing,177,885.0,10,14,16,885.0,0.885,2.9817793369293213,R-like,R_like_by_product_reference,-0.5324521064758301
gromacs_1k_timing,178,890.0,10,14,15,890.0,0.89,3.222331523895264,R-like,R_like_by_product_reference,-0.010996138677001
gromacs_1k_timing,179,895.0,10,14,16,895.0,0.895,3.0540621280670166,R-like,R_like_by_product_reference,-1.02608323097229
gromacs_1k_timing,180,900.0,11,13,16,900.0,0.9,3.071709394454956,R-like,R_like_by_product_reference,-2.115900993347168
gromacs_1k_timing,181,905.0,10,15,16,905.0,0.905,3.0428450107574463,S-like,S_like_by_product_reference,0.6428432464599609
gromacs_1k_timing,182,910.0,10,15,16,910.0,0.91,3.0186774730682373,R-like,R_like_by_product_reference,-1.973180055618286
gromacs_1k_timing,183,915.0,11,14,15,915.0,0.915,3.1077663898468018,R-like,R_like_by_product_reference,-2.844841957092285
gromacs_1k_timing,184,920.0,11,14,17,920.0,0.92,3.16949200630188,R-like,R_like_by_product_reference,-3.1805872917175293
gromacs_1k_timing,185,925.0,11,13,16,925.0,0.925,3.102818965911865,R-like,R_like_by_product_reference,-2.3063714504241943
gromacs_1k_timing,186,930.0,12,14,18,930.0,0.93,3.0186257362365723,R-like,R_like_by_product_reference,-3.719324827194214
gromacs_1k_timing,187,935.0,11,14,17,935.0,0.935,3.0850789546966557,R-like,R_like_by_product_reference,-3.56325364112854
gromacs_1k_timing,188,940.0,10,14,16,940.0,0.94,3.207023859024048,R-like,R_like_by_product_reference,-3.900045394897461
gromacs_1k_timing,189,945.0,11,14,17,945.0,0.945,3.315993070602417,R-like,R_like_by_product_reference,-3.803175926208496
gromacs_1k_timing,190,950.0,11,14,16,950.0,0.95,3.369662046432495,R-like,R_like_by_product_reference,-3.513366937637329
gromacs_1k_timing,191,955.0,10,14,18,955.0,0.955,3.226809024810791,R-like,R_like_by_product_reference,-5.02194356918335
gromacs_1k_timing,192,960.0,11,14,16,960.0,0.96,3.2827110290527344,R-like,R_like_by_product_reference,-3.356517553329468
gromacs_1k_timing,193,965.0,12,14,16,965.0,0.965,3.5122342109680176,R-like,R_like_by_product_reference,-4.362316131591797
gromacs_1k_timing,194,970.0,12,14,14,970.0,0.97,2.928635358810425,R-like,R_like_by_product_reference,-2.8927879333496094
gromacs_1k_timing,195,975.0,11,14,16,975.0,0.975,3.013005495071411,R-like,R_like_by_product_reference,-4.318210601806641
gromacs_1k_timing,196,980.0,12,14,15,980.0,0.98,3.294755697250366,R-like,R_like_by_product_reference,-5.105716705322266
gromacs_1k_timing,197,985.0,11,14,16,985.0,0.985,3.3933167457580566,R-like,R_like_by_product_reference,-4.095320224761963
gromacs_1k_timing,198,990.0,12,14,17,990.0,0.99,3.122022151947021,R-like,R_like_by_product_reference,-3.1614978313446045
gromacs_1k_timing,199,995.0,10,14,14,995.0,0.995,3.26425838470459,R-like,R_like_by_product_reference,-4.811323642730713
gromacs_1k_timing,200,1000.0,11,14,16,1000.0,1.0,3.0348308086395264,R-like,R_like_by_product_reference,-3.3790876865386963
gromacs_1k_timing,201,1005.0,12,14,14,1005.0,1.005,3.1574032306671143,R-like,R_like_by_product_reference,-4.16519021987915
gromacs_1k_timing,202,1010.0,10,14,17,1010.0,1.01,3.206026077270508,S-like,S_like_by_product_reference,0.8854451179504395
gromacs_1k_timing,203,1015.0,10,14,15,1015.0,1.015,3.001815795898437,R-like,R_like_by_product_reference,-3.282050371170044
gromacs_1k_timing,204,1020.0,10,14,17,1020.0,1.02,3.0817883014678955,R-like,R_like_by_product_reference,-2.4442455768585205
gromacs_1k_timing,205,1025.0,10,14,16,1025.0,1.025,3.4026312828063965,R-like,R_like_by_product_reference,-4.820688247680664
gromacs_1k_timing,206,1030.0,11,14,16,1030.0,1.03,3.1730127334594727,R-like,R_like_by_product_reference,-2.9992504119873047
gromacs_1k_timing,207,1035.0,12,14,17,1035.0,1.035,3.020117282867432,R-like,R_like_by_product_reference,-4.68854284286499
gromacs_1k_timing,208,1040.0,10,14,16,1040.0,1.04,3.1135315895080566,S-like,S_like_by_product_reference,0.8685771226882935
gromacs_1k_timing,209,1045.0,9,14,15,1045.0,1.045,3.3436989784240723,R-like,R_like_by_product_reference,-4.962190628051758
gromacs_1k_timing,210,1050.0,11,15,16,1050.0,1.05,3.0161237716674805,S-like,S_like_by_product_reference,0.8536661863327026
gromacs_1k_timing,211,1055.0,11,14,15,1055.0,1.055,3.3719570636749268,R-like,R_like_by_product_reference,-5.1096673011779785
gromacs_1k_timing,212,1060.0,11,14,17,1060.0,1.06,3.223984956741333,R-like,R_like_by_product_reference,-1.9828792810440063
gromacs_1k_timing,213,1065.0,12,14,16,1065.0,1.065,3.225447654724121,R-like,R_like_by_product_reference,-0.855567455291748
gromacs_1k_timing,214,1070.0,9,15,16,1070.0,1.07,3.142388343811035,S-like,S_like_by_product_reference,1.83052921295166
gromacs_1k_timing,215,1075.0,11,15,17,1075.0,1.075,3.303666114807129,S-like,S_like_by_product_reference,5.747901916503906
gromacs_1k_timing,216,1080.0,11,15,16,1080.0,1.08,3.057922124862671,S-like,S_like_by_product_reference,3.317718982696533
gromacs_1k_timing,217,1085.0,12,15,18,1085.0,1.085,3.103078365325928,R-like,R_like_by_product_reference,-1.2147337198257446
gromacs_1k_timing,218,1090.0,11,15,19,1090.0,1.09,3.114480495452881,R-like,R_like_by_product_reference,-2.576195001602173
gromacs_1k_timing,219,1095.0,11,15,20,1095.0,1.095,3.313567638397217,R-like,R_like_by_product_reference,-1.473655343055725
gromacs_1k_timing,220,1100.0,11,15,18,1100.0,1.1,3.00274658203125,R-like,R_like_by_product_reference,-1.128820300102234
gromacs_1k_timing,221,1105.0,9,14,19,1105.0,1.105,3.2591264247894287,R-like,R_like_by_product_reference,-1.441648006439209
gromacs_1k_timing,222,1110.0,12,14,18,1110.0,1.11,3.2607641220092773,R-like,R_like_by_product_reference,-3.4713926315307617
gromacs_1k_timing,223,1115.0,11,14,17,1115.0,1.115,3.096401691436768,R-like,R_like_by_product_reference,-3.294080972671509
gromacs_1k_timing,224,1120.0,11,15,18,1120.0,1.12,2.913656234741211,R-like,R_like_by_product_reference,-2.2326505184173584
gromacs_1k_timing,225,1125.0,12,15,16,1125.0,1.125,3.324049234390259,R-like,R_like_by_product_reference,-1.4030463695526123
gromacs_1k_timing,226,1130.0,12,14,15,1130.0,1.13,3.0454556941986084,R-like,R_like_by_product_reference,-1.0525158643722534
gromacs_1k_timing,227,1135.0,12,14,18,1135.0,1.135,3.2201552391052246,R-like,R_like_by_product_reference,-4.38015079498291
gromacs_1k_timing,228,1140.0,10,13,17,1140.0,1.14,3.159920215606689,R-like,R_like_by_product_reference,-3.8320584297180176
gromacs_1k_timing,229,1145.0,9,13,19,1145.0,1.145,3.3190958499908447,R-like,R_like_by_product_reference,-4.490954399108887
gromacs_1k_timing,230,1150.0,10,14,17,1150.0,1.15,3.2654709815979004,R-like,R_like_by_product_reference,-3.3431556224823
gromacs_1k_timing,231,1155.0,10,13,16,1155.0,1.155,3.0472590923309326,R-like,R_like_by_product_reference,-2.615359306335449
gromacs_1k_timing,232,1160.0,9,14,17,1160.0,1.16,3.3261537551879883,R-like,R_like_by_product_reference,-1.0976914167404177
gromacs_1k_timing,233,1165.0,8,14,20,1165.0,1.165,3.050081729888916,R-like,R_like_by_product_reference,-2.228179216384888
gromacs_1k_timing,234,1170.0,10,13,18,1170.0,1.17,3.235027313232422,R-like,R_like_by_product_reference,-1.5877794027328491
gromacs_1k_timing,235,1175.0,9,14,20,1175.0,1.175,3.025787830352783,R-like,R_like_by_product_reference,-1.2657684087753296
gromacs_1k_timing,236,1180.0,8,15,17,1180.0,1.18,3.614427328109741,R-like,R_like_by_product_reference,-5.06742525100708
gromacs_1k_timing,237,1185.0,9,15,17,1185.0,1.185,2.83268404006958,S-like,S_like_by_product_reference,2.04933762550354
gromacs_1k_timing,238,1190.0,9,13,16,1190.0,1.19,3.08877182006836,R-like,R_like_by_product_reference,-0.1268264502286911
gromacs_1k_timing,239,1195.0,8,13,18,1195.0,1.195,3.167030096054077,R-like,R_like_by_product_reference,-0.4877114593982696
gromacs_1k_timing,240,1200.0,12,13,18,1200.0,1.2,2.923660516738892,R-like,R_like_by_product_reference,-2.7433669567108154
gromacs_1k_timing,241,1205.0,12,14,20,1205.0,1.205,3.452432632446289,S-like,S_like_by_product_reference,4.968536853790283
gromacs_1k_timing,242,1210.0,11,14,18,1210.0,1.21,3.1138741970062256,S-like,S_like_by_product_reference,1.5751205682754517
gromacs_1k_timing,243,1215.0,11,15,20,1215.0,1.215,3.124690055847168,S-like,S_like_by_product_reference,2.980181932449341
gromacs_1k_timing,244,1220.0,12,14,19,1220.0,1.22,3.004927635192871,S-like,S_like_by_product_reference,2.5953128337860107
gromacs_1k_timing,245,1225.0,11,14,17,1225.0,1.225,3.118637800216675,S-like,S_like_by_product_reference,3.3766977787017822
gromacs_1k_timing,246,1230.0,10,14,17,1230.0,1.23,3.202544450759888,S-like,S_like_by_product_reference,2.370899438858032
gromacs_1k_timing,247,1235.0,8,14,18,1235.0,1.235,3.105222463607788,R-like,R_like_by_product_reference,-2.4590675830841064
gromacs_1k_timing,248,1240.0,11,13,19,1240.0,1.24,3.0194361209869385,S-like,S_like_by_product_reference,2.10058069229126
gromacs_1k_timing,249,1245.0,10,14,20,1245.0,1.245,3.182908773422241,R-like,R_like_by_product_reference,-1.5893046855926514
gromacs_1k_timing,250,1250.0,7,13,17,1250.0,1.25,3.19153380393982,R-like,R_like_by_product_reference,-4.437757968902588
gromacs_1k_timing,251,1255.0,9,14,15,1255.0,1.255,3.3086721897125244,R-like,R_like_by_product_reference,-3.1241390705108643
gromacs_1k_timing,252,1260.0,10,14,16,1260.0,1.26,3.192554235458374,R-like,R_like_by_product_reference,-2.475445508956909
gromacs_1k_timing,253,1265.0,8,14,15,1265.0,1.265,3.119823694229126,R-like,R_like_by_product_reference,-4.170459747314453
gromacs_1k_timing,254,1270.0,11,14,19,1270.0,1.27,2.877049446105957,R-like,R_like_by_product_reference,-3.874624967575073
gromacs_1k_timing,255,1275.0,10,14,17,1275.0,1.275,3.342723846435547,R-like,R_like_by_product_reference,-4.430420398712158
gromacs_1k_timing,256,1280.0,10,14,16,1280.0,1.28,3.240079879760742,R-like,R_like_by_product_reference,-4.498088836669922
gromacs_1k_timing,257,1285.0,9,14,17,1285.0,1.285,3.054752826690674,R-like,R_like_by_product_reference,-1.6316022872924805
gromacs_1k_timing,258,1290.0,10,14,18,1290.0,1.29,3.035916328430176,R-like,R_like_by_product_reference,-4.511049270629883
gromacs_1k_timing,259,1295.0,10,14,20,1295.0,1.295,3.202078104019165,R-like,R_like_by_product_reference,-4.123766899108887
gromacs_1k_timing,260,1300.0,10,14,17,1300.0,1.3,3.0404746532440186,R-like,R_like_by_product_reference,-2.910351037979126
gromacs_1k_timing,261,1305.0,12,14,16,1305.0,1.305,3.230526924133301,R-like,R_like_by_product_reference,-3.407188653945923
gromacs_1k_timing,262,1310.0,10,14,16,1310.0,1.31,3.1934456825256348,R-like,R_like_by_product_reference,-2.993890285491944
gromacs_1k_timing,263,1315.0,10,13,19,1315.0,1.315,3.2761223316192627,R-like,R_like_by_product_reference,-5.245121955871582
gromacs_1k_timing,264,1320.0,8,13,15,1320.0,1.32,3.1232035160064697,R-like,R_like_by_product_reference,-4.314770221710205
gromacs_1k_timing,265,1325.0,8,13,19,1325.0,1.325,3.1427102088928223,R-like,R_like_by_product_reference,-5.286120891571045
gromacs_1k_timing,266,1330.0,8,13,16,1330.0,1.33,4.308112621307373,R-like,R_like_by_product_reference,-1.307453989982605
gromacs_1k_timing,267,1335.0,7,12,19,1335.0,1.335,4.274168014526367,R-like,R_like_by_product_reference,-0.2549194991588592
gromacs_1k_timing,268,1340.0,9,14,17,1340.0,1.34,4.271812915802002,R-like,R_like_by_product_reference,-1.7096368074417114
gromacs_1k_timing,269,1345.0,8,13,18,1345.0,1.345,4.267551422119141,R-like,R_like_by_product_reference,-0.702965497970581
gromacs_1k_timing,270,1350.0,8,12,17,1350.0,1.35,4.19554615020752,R-like,R_like_by_product_reference,-1.003920316696167
gromacs_1k_timing,271,1355.0,8,13,20,1355.0,1.355,4.267133712768555,R-like,R_like_by_product_reference,-0.9566560387611388
gromacs_1k_timing,272,1360.0,8,11,14,1360.0,1.36,4.206446170806885,R-like,R_like_by_product_reference,-2.2176880836486816
gromacs_1k_timing,273,1365.0,9,15,17,1365.0,1.365,3.2207131385803223,S-like,S_like_by_product_reference,4.163457870483398
gromacs_1k_timing,274,1370.0,9,14,18,1370.0,1.37,3.33803939819336,S-like,S_like_by_product_reference,5.674314975738525
gromacs_1k_timing,275,1375.0,9,13,16,1375.0,1.375,3.2829701900482178,S-like,S_like_by_product_reference,3.248220920562744
gromacs_1k_timing,276,1380.0,8,13,15,1380.0,1.38,3.013468742370605,S-like,S_like_by_product_reference,5.343688488006592
gromacs_1k_timing,277,1385.0,7,12,17,1385.0,1.385,2.8991544246673584,S-like,S_like_by_product_reference,4.803049087524414
gromacs_1k_timing,278,1390.0,8,13,16,1390.0,1.39,2.960826873779297,S-like,S_like_by_product_reference,3.653679609298706
gromacs_1k_timing,279,1395.0,8,13,18,1395.0,1.395,4.147604465484619,S-like,S_like_by_product_reference,4.946611881256104
gromacs_1k_timing,280,1400.0,8,11,19,1400.0,1.4,3.170079469680786,S-like,S_like_by_product_reference,3.388996124267578
gromacs_1k_timing,281,1405.0,9,11,19,1405.0,1.405,3.075028657913208,S-like,S_like_by_product_reference,3.7323811054229736
gromacs_1k_timing,282,1410.0,10,12,17,1410.0,1.41,3.242313861846924,S-like,S_like_by_product_reference,5.468613624572754
gromacs_1k_timing,283,1415.0,8,10,18,1415.0,1.415,3.4656167030334477,S-like,S_like_by_product_reference,5.499301433563232
gromacs_1k_timing,284,1420.0,8,13,19,1420.0,1.42,3.0809428691864014,S-like,S_like_by_product_reference,4.279905319213867
gromacs_1k_timing,285,1425.0,7,11,17,1425.0,1.425,2.9261069297790527,S-like,S_like_by_product_reference,4.455134868621826
gromacs_1k_timing,286,1430.0,8,12,19,1430.0,1.43,3.098034143447876,S-like,S_like_by_product_reference,4.598602771759033
gromacs_1k_timing,287,1435.0,9,10,18,1435.0,1.435,3.292431592941284,S-like,S_like_by_product_reference,4.8979339599609375
gromacs_1k_timing,288,1440.0,7,12,17,1440.0,1.44,4.38883638381958,S-like,S_like_by_product_reference,2.3516621589660645
gromacs_1k_timing,289,1445.0,9,14,19,1445.0,1.445,4.22437858581543,S-like,S_like_by_product_reference,4.139272689819336
gromacs_1k_timing,290,1450.0,9,11,19,1450.0,1.45,4.285974025726318,R-like,R_like_by_product_reference,-2.337711334228516
gromacs_1k_timing,291,1455.0,9,12,19,1455.0,1.455,4.461894035339356,S-like,S_like_by_product_reference,1.225984811782837
gromacs_1k_timing,292,1460.0,9,11,17,1460.0,1.46,4.3541693687438965,S-like,S_like_by_product_reference,0.8370029330253601
gromacs_1k_timing,293,1465.0,9,11,16,1465.0,1.465,4.2517409324646,S-like,S_like_by_product_reference,3.0606114864349365
gromacs_1k_timing,294,1470.0,9,12,17,1470.0,1.47,4.24495792388916,S-like,S_like_by_product_reference,3.690012693405152
gromacs_1k_timing,295,1475.0,9,12,19,1475.0,1.475,4.185044765472412,S-like,S_like_by_product_reference,2.7302052974700928
gromacs_1k_timing,296,1480.0,9,11,18,1480.0,1.48,4.496541500091553,S-like,S_like_by_product_reference,2.869187355041504
gromacs_1k_timing,297,1485.0,7,13,17,1485.0,1.485,4.256125450134277,R-like,R_like_by_product_reference,-2.08011531829834
gromacs_1k_timing,298,1490.0,8,12,18,1490.0,1.49,4.304750442504883,S-like,S_like_by_product_reference,0.2643437683582306
gromacs_1k_timing,299,1495.0,9,11,16,1495.0,1.495,4.432899951934815,R-like,R_like_by_product_reference,-0.4939651191234588
gromacs_1k_timing,300,1500.0,8,12,17,1500.0,1.5,4.319018840789795,R-like,R_like_by_product_reference,-1.0064889192581177
gromacs_1k_timing,301,1505.0,8,12,18,1505.0,1.505,4.141232013702393,R-like,R_like_by_product_reference,-0.1982439905405044
gromacs_1k_timing,302,1510.0,9,11,14,1510.0,1.51,4.3519673347473145,R-like,R_like_by_product_reference,-0.5585623383522034
gromacs_1k_timing,303,1515.0,8,12,17,1515.0,1.515,4.239259719848633,S-like,S_like_by_product_reference,2.1197702884674072
gromacs_1k_timing,304,1520.0,9,13,17,1520.0,1.52,4.323340892791748,R-like,R_like_by_product_reference,-0.4265885949134826
gromacs_1k_timing,305,1525.0,10,11,17,1525.0,1.525,4.357466220855713,S-like,S_like_by_product_reference,1.1937620639801023
gromacs_1k_timing,306,1530.0,9,12,17,1530.0,1.53,4.352194309234619,R-like,R_like_by_product_reference,-0.634244978427887
gromacs_1k_timing,307,1535.0,10,13,16,1535.0,1.535,4.218593120574951,R-like,R_like_by_product_reference,-0.139859452843666
gromacs_1k_timing,308,1540.0,9,11,16,1540.0,1.54,4.325867176055908,S-like,S_like_by_product_reference,0.042098831385374
gromacs_1k_timing,309,1545.0,9,11,18,1545.0,1.545,4.235671520233154,R-like,R_like_by_product_reference,-0.0542900003492832
gromacs_1k_timing,310,1550.0,9,12,18,1550.0,1.55,4.288692951202393,R-like,R_like_by_product_reference,-0.8871471285820007
gromacs_1k_timing,311,1555.0,11,12,19,1555.0,1.555,4.35498571395874,R-like,R_like_by_product_reference,-2.3698067665100098
gromacs_1k_timing,312,1560.0,9,12,16,1560.0,1.56,2.9289939403533936,S-like,S_like_by_product_reference,1.0726302862167358
gromacs_1k_timing,313,1565.0,9,10,16,1565.0,1.565,3.0384528636932373,S-like,S_like_by_product_reference,2.205511569976806
gromacs_1k_timing,314,1570.0,11,13,18,1570.0,1.57,3.1587026119232178,S-like,S_like_by_product_reference,0.832717776298523
gromacs_1k_timing,315,1575.0,8,13,18,1575.0,1.575,3.2025887966156006,S-like,S_like_by_product_reference,4.012246608734131
gromacs_1k_timing,316,1580.0,9,13,16,1580.0,1.58,2.948493242263794,S-like,S_like_by_product_reference,5.007304668426514
gromacs_1k_timing,317,1585.0,10,12,17,1585.0,1.585,4.384620189666748,S-like,S_like_by_product_reference,2.7140979766845703
gromacs_1k_timing,318,1590.0,9,11,16,1590.0,1.59,4.330507278442383,S-like,S_like_by_product_reference,4.621345520019531
gromacs_1k_timing,319,1595.0,10,13,18,1595.0,1.595,4.3732991218566895,S-like,S_like_by_product_reference,3.03538179397583
gromacs_1k_timing,320,1600.0,9,12,19,1600.0,1.6,3.708005905151367,S-like,S_like_by_product_reference,4.4729437828063965
gromacs_1k_timing,321,1605.0,11,11,17,1605.0,1.605,3.1864402294158936,R-like,R_like_by_product_reference,-5.495429039001465
gromacs_1k_timing,322,1610.0,10,12,17,1610.0,1.61,3.0582315921783447,S-like,S_like_by_product_reference,5.202917575836182
gromacs_1k_timing,323,1615.0,10,12,18,1615.0,1.615,2.963274478912353,S-like,S_like_by_product_reference,3.5207974910736084
gromacs_1k_timing,324,1620.0,9,12,16,1620.0,1.62,3.13773775100708,S-like,S_like_by_product_reference,5.059182167053223
gromacs_1k_timing,325,1625.0,8,12,16,1625.0,1.625,3.195948362350464,S-like,S_like_by_product_reference,5.159283638000488
gromacs_1k_timing,326,1630.0,10,12,14,1630.0,1.63,3.06889009475708,S-like,S_like_by_product_reference,3.7244198322296143
gromacs_1k_timing,327,1635.0,9,12,17,1635.0,1.635,3.1357462406158447,S-like,S_like_by_product_reference,3.9939913749694815
gromacs_1k_timing,328,1640.0,9,14,17,1640.0,1.64,3.1354901790618896,S-like,S_like_by_product_reference,4.561683654785156
gromacs_1k_timing,329,1645.0,10,14,18,1645.0,1.645,3.137611150741577,S-like,S_like_by_product_reference,3.2154762744903564
gromacs_1k_timing,330,1650.0,11,12,19,1650.0,1.65,3.2072091102600098,S-like,S_like_by_product_reference,1.651656150817871
gromacs_1k_timing,331,1655.0,9,11,17,1655.0,1.655,3.474034547805786,R-like,R_like_by_product_reference,-5.862314224243164
gromacs_1k_timing,332,1660.0,11,11,17,1660.0,1.66,3.3229191303253174,R-like,R_like_by_product_reference,-6.602403163909912
gromacs_1k_timing,333,1665.0,10,13,18,1665.0,1.665,3.0107791423797607,R-like,R_like_by_product_reference,-6.161851406097412
gromacs_1k_timing,334,1670.0,11,14,17,1670.0,1.67,3.3017282485961914,R-like,R_like_by_product_reference,-6.702306270599365
gromacs_1k_timing,335,1675.0,10,12,18,1675.0,1.675,3.4678375720977783,R-like,R_like_by_product_reference,-7.01427173614502
gromacs_1k_timing,336,1680.0,10,13,17,1680.0,1.68,3.586751937866211,R-like,R_like_by_product_reference,-7.4763641357421875
gromacs_1k_timing,337,1685.0,8,12,20,1685.0,1.685,3.640137910842896,R-like,R_like_by_product_reference,-6.908458709716797
gromacs_1k_timing,338,1690.0,9,12,17,1690.0,1.69,3.078070163726806,R-like,R_like_by_product_reference,-6.531747341156006
gromacs_1k_timing,339,1695.0,9,14,21,1695.0,1.695,3.2629587650299072,R-like,R_like_by_product_reference,-6.463438510894775
gromacs_1k_timing,340,1700.0,9,14,18,1700.0,1.7,3.290255069732666,R-like,R_like_by_product_reference,-6.119853496551514
gromacs_1k_timing,341,1705.0,8,12,18,1705.0,1.705,3.135680675506592,R-like,R_like_by_product_reference,-6.186493396759033
gromacs_1k_timing,342,1710.0,8,11,15,1710.0,1.71,3.122851848602295,R-like,R_like_by_product_reference,-5.985085964202881
gromacs_1k_timing,343,1715.0,9,12,17,1715.0,1.715,3.3441479206085205,R-like,R_like_by_product_reference,-7.250102996826172
gromacs_1k_timing,344,1720.0,9,12,18,1720.0,1.72,3.0680601596832275,R-like,R_like_by_product_reference,-6.355575084686279
gromacs_1k_timing,345,1725.0,8,11,17,1725.0,1.725,3.452707290649414,R-like,R_like_by_product_reference,-6.845073223114014
gromacs_1k_timing,346,1730.0,9,13,18,1730.0,1.73,3.790355920791626,R-like,R_like_by_product_reference,-8.03554630279541
gromacs_1k_timing,347,1735.0,8,12,17,1735.0,1.735,3.64431095123291,R-like,R_like_by_product_reference,-8.01574420928955
gromacs_1k_timing,348,1740.0,8,12,18,1740.0,1.74,3.4129292964935303,R-like,R_like_by_product_reference,-7.385238170623779
gromacs_1k_timing,349,1745.0,9,14,16,1745.0,1.745,3.414848566055298,R-like,R_like_by_product_reference,-6.921719551086426
gromacs_1k_timing,350,1750.0,9,11,18,1750.0,1.75,3.312431812286377,R-like,R_like_by_product_reference,-6.543335437774658
gromacs_1k_timing,351,1755.0,9,14,19,1755.0,1.755,3.078472852706909,R-like,R_like_by_product_reference,-5.886682033538818
gromacs_1k_timing,352,1760.0,11,13,18,1760.0,1.76,3.214108467102051,R-like,R_like_by_product_reference,-6.332482814788818
gromacs_1k_timing,353,1765.0,10,11,16,1765.0,1.765,2.9888756275177,R-like,R_like_by_product_reference,-0.7671566009521484
gromacs_1k_timing,354,1770.0,10,11,19,1770.0,1.77,3.5227997303009038,R-like,R_like_by_product_reference,-6.616576671600342
gromacs_1k_timing,355,1775.0,8,12,17,1775.0,1.775,2.978067636489868,R-like,R_like_by_product_reference,-5.790175437927246
gromacs_1k_timing,356,1780.0,9,12,19,1780.0,1.78,3.298333644866944,R-like,R_like_by_product_reference,-6.3980393409729
gromacs_1k_timing,357,1785.0,10,14,18,1785.0,1.785,3.106733083724976,R-like,R_like_by_product_reference,-5.996586799621582
gromacs_1k_timing,358,1790.0,9,14,18,1790.0,1.79,3.2660367488861084,R-like,R_like_by_product_reference,-6.391602516174316
gromacs_1k_timing,359,1795.0,10,13,18,1795.0,1.795,3.30560040473938,R-like,R_like_by_product_reference,-5.865315437316895
gromacs_1k_timing,360,1800.0,9,14,20,1800.0,1.8,3.2408931255340576,R-like,R_like_by_product_reference,-5.958192825317383
gromacs_1k_timing,361,1805.0,10,13,20,1805.0,1.805,3.26038122177124,R-like,R_like_by_product_reference,-5.966607093811035
gromacs_1k_timing,362,1810.0,9,12,20,1810.0,1.81,3.261915683746338,R-like,R_like_by_product_reference,-5.9698028564453125
gromacs_1k_timing,363,1815.0,8,14,18,1815.0,1.815,3.1602039337158203,R-like,R_like_by_product_reference,-6.077002048492432
gromacs_1k_timing,364,1820.0,9,13,19,1820.0,1.82,3.3774213790893555,R-like,R_like_by_product_reference,-6.243324279785156
gromacs_1k_timing,365,1825.0,8,12,20,1825.0,1.825,3.2327051162719727,R-like,R_like_by_product_reference,-6.8313889503479
gromacs_1k_timing,366,1830.0,8,12,19,1830.0,1.83,3.261992216110229,R-like,R_like_by_product_reference,-6.099844932556152
gromacs_1k_timing,367,1835.0,9,15,18,1835.0,1.835,3.330073356628418,R-like,R_like_by_product_reference,-6.650774002075195
gromacs_1k_timing,368,1840.0,8,13,17,1840.0,1.84,3.3295936584472656,R-like,R_like_by_product_reference,-6.05238676071167
gromacs_1k_timing,369,1845.0,9,13,19,1845.0,1.845,3.030874729156494,R-like,R_like_by_product_reference,-4.49934196472168
gromacs_1k_timing,370,1850.0,10,13,18,1850.0,1.85,3.0894980430603027,R-like,R_like_by_product_reference,-5.63048267364502
gromacs_1k_timing,371,1855.0,9,14,18,1855.0,1.855,3.124324321746826,R-like,R_like_by_product_reference,-6.240094184875488
gromacs_1k_timing,372,1860.0,9,14,19,1860.0,1.86,3.099081993103028,R-like,R_like_by_product_reference,-6.249505043029785
gromacs_1k_timing,373,1865.0,9,15,19,1865.0,1.865,3.414102554321289,R-like,R_like_by_product_reference,-5.39010763168335
gromacs_1k_timing,374,1870.0,10,13,20,1870.0,1.87,3.058269739151001,R-like,R_like_by_product_reference,-5.97251558303833
gromacs_1k_timing,375,1875.0,10,14,18,1875.0,1.875,3.0968520641326904,R-like,R_like_by_product_reference,-6.114460468292236
gromacs_1k_timing,376,1880.0,9,13,18,1880.0,1.88,3.141174793243408,R-like,R_like_by_product_reference,-6.245310783386231
gromacs_1k_timing,377,1885.0,9,13,17,1885.0,1.885,3.052130699157715,R-like,R_like_by_product_reference,-6.108898639678955
gromacs_1k_timing,378,1890.0,7,13,16,1890.0,1.89,3.281583309173584,R-like,R_like_by_product_reference,-6.708639144897461
gromacs_1k_timing,379,1895.0,9,14,18,1895.0,1.895,3.031219244003296,R-like,R_like_by_product_reference,-5.974823474884033
gromacs_1k_timing,380,1900.0,10,11,18,1900.0,1.9,3.2415711879730225,R-like,R_like_by_product_reference,-5.925530910491943
gromacs_1k_timing,381,1905.0,10,11,18,1905.0,1.905,3.182969808578491,R-like,R_like_by_product_reference,-5.550450801849365
gromacs_1k_timing,382,1910.0,10,14,20,1910.0,1.91,3.251295328140259,R-like,R_like_by_product_reference,-6.419085502624512
gromacs_1k_timing,383,1915.0,9,12,20,1915.0,1.915,3.3306026458740234,R-like,R_like_by_product_reference,-6.433150768280029
gromacs_1k_timing,384,1920.0,10,13,17,1920.0,1.92,3.254624128341675,R-like,R_like_by_product_reference,-5.711091995239258
gromacs_1k_timing,385,1925.0,10,14,17,1925.0,1.925,3.0626461505889893,R-like,R_like_by_product_reference,-5.531192302703857
gromacs_1k_timing,386,1930.0,9,12,17,1930.0,1.93,3.1503353118896484,R-like,R_like_by_product_reference,-5.751650333404541
gromacs_1k_timing,387,1935.0,11,11,17,1935.0,1.935,3.0760512351989746,R-like,R_like_by_product_reference,-5.590389251708984
gromacs_1k_timing,388,1940.0,10,15,19,1940.0,1.94,3.3368372917175293,R-like,R_like_by_product_reference,-5.891811847686768
gromacs_1k_timing,389,1945.0,10,14,19,1945.0,1.945,3.0839083194732666,R-like,R_like_by_product_reference,-5.90867280960083
gromacs_1k_timing,390,1950.0,10,14,18,1950.0,1.95,3.000349760055542,R-like,R_like_by_product_reference,-5.605995178222656
gromacs_1k_timing,391,1955.0,8,14,17,1955.0,1.955,3.041349411010742,R-like,R_like_by_product_reference,-5.987846851348877
gromacs_1k_timing,392,1960.0,10,14,17,1960.0,1.96,3.3308959007263184,R-like,R_like_by_product_reference,-6.612244129180908
gromacs_1k_timing,393,1965.0,9,14,17,1965.0,1.965,3.2886738777160645,R-like,R_like_by_product_reference,-6.327095031738281
gromacs_1k_timing,394,1970.0,10,15,19,1970.0,1.97,3.381079912185669,R-like,R_like_by_product_reference,-6.4072747230529785
gromacs_1k_timing,395,1975.0,9,13,19,1975.0,1.975,3.3072664737701416,R-like,R_like_by_product_reference,-6.768573760986328
gromacs_1k_timing,396,1980.0,9,14,18,1980.0,1.98,3.1125707626342773,R-like,R_like_by_product_reference,-6.052639484405518
gromacs_1k_timing,397,1985.0,9,12,18,1985.0,1.985,3.420671939849853,R-like,R_like_by_product_reference,-6.486011028289795
gromacs_1k_timing,398,1990.0,10,12,19,1990.0,1.99,3.245133876800537,R-like,R_like_by_product_reference,-7.272545337677002
gromacs_1k_timing,399,1995.0,10,13,17,1995.0,1.995,3.106590509414673,R-like,R_like_by_product_reference,-5.106816291809082
gromacs_1k_timing,400,2000.0,10,12,18,2000.0,2.0,3.534602165222168,R-like,R_like_by_product_reference,-7.375983715057373
gromacs_1k_timing,401,2005.0,9,13,19,2005.0,2.005,3.2802116870880127,R-like,R_like_by_product_reference,-6.721560478210449
gromacs_1k_timing,402,2010.0,9,13,18,2010.0,2.01,3.1319949626922607,R-like,R_like_by_product_reference,-5.702026844024658
gromacs_1k_timing,403,2015.0,8,12,18,2015.0,2.015,3.357751846313477,R-like,R_like_by_product_reference,-7.078136920928955
gromacs_1k_timing,404,2020.0,8,14,18,2020.0,2.02,3.182154417037964,R-like,R_like_by_product_reference,-5.57029390335083
gromacs_1k_timing,405,2025.0,8,14,17,2025.0,2.025,3.165466547012329,R-like,R_like_by_product_reference,-5.996918201446533
gromacs_1k_timing,406,2030.0,10,15,19,2030.0,2.03,3.155092239379883,R-like,R_like_by_product_reference,-6.133639335632324
gromacs_1k_timing,407,2035.0,8,15,20,2035.0,2.035,3.129122257232666,R-like,R_like_by_product_reference,-6.35810136795044
gromacs_1k_timing,408,2040.0,10,11,19,2040.0,2.04,3.277729034423828,R-like,R_like_by_product_reference,-6.09621524810791
gromacs_1k_timing,409,2045.0,9,13,20,2045.0,2.045,3.042976140975952,R-like,R_like_by_product_reference,-5.296259880065918
gromacs_1k_timing,410,2050.0,11,12,19,2050.0,2.05,3.031188726425171,R-like,R_like_by_product_reference,-5.02118730545044
gromacs_1k_timing,411,2055.0,9,15,19,2055.0,2.055,3.019270420074463,R-like,R_like_by_product_reference,-5.269057750701904
gromacs_1k_timing,412,2060.0,10,12,19,2060.0,2.06,3.1257636547088623,R-like,R_like_by_product_reference,-5.151753902435303
gromacs_1k_timing,413,2065.0,10,11,21,2065.0,2.065,3.178443193435669,R-like,R_like_by_product_reference,-5.884973526000977
gromacs_1k_timing,414,2070.0,10,12,18,2070.0,2.07,3.2223429679870605,R-like,R_like_by_product_reference,-6.495581150054932
gromacs_1k_timing,415,2075.0,9,15,19,2075.0,2.075,3.1674275398254395,R-like,R_like_by_product_reference,-5.727243423461914
gromacs_1k_timing,416,2080.0,10,11,19,2080.0,2.08,3.212753772735596,R-like,R_like_by_product_reference,-5.913741111755371
gromacs_1k_timing,417,2085.0,10,13,18,2085.0,2.085,3.5582454204559326,R-like,R_like_by_product_reference,-6.233650207519531
gromacs_1k_timing,418,2090.0,9,13,20,2090.0,2.09,3.202782392501831,R-like,R_like_by_product_reference,-6.100036144256592
gromacs_1k_timing,419,2095.0,10,11,20,2095.0,2.095,2.9765920639038086,R-like,R_like_by_product_reference,-5.870379447937012
gromacs_1k_timing,420,2100.0,11,12,18,2100.0,2.1,3.1728546619415283,R-like,R_like_by_product_reference,-6.065720558166504
gromacs_1k_timing,421,2105.0,9,14,22,2105.0,2.105,3.228434801101685,R-like,R_like_by_product_reference,-5.488037586212158
gromacs_1k_timing,422,2110.0,11,15,19,2110.0,2.11,3.611731767654419,R-like,R_like_by_product_reference,-7.353017807006836
gromacs_1k_timing,423,2115.0,10,14,20,2115.0,2.115,3.338395833969116,R-like,R_like_by_product_reference,-6.20619535446167
gromacs_1k_timing,424,2120.0,10,14,21,2120.0,2.12,2.969359874725342,R-like,R_like_by_product_reference,-5.39459753036499
gromacs_1k_timing,425,2125.0,10,14,19,2125.0,2.125,3.3212966918945312,R-like,R_like_by_product_reference,-6.392649173736572
gromacs_1k_timing,426,2130.0,10,13,18,2130.0,2.13,3.292808771133423,R-like,R_like_by_product_reference,-5.788352489471436
gromacs_1k_timing,427,2135.0,9,13,17,2135.0,2.135,3.1998279094696045,R-like,R_like_by_product_reference,-5.736649036407471
gromacs_1k_timing,428,2140.0,9,13,17,2140.0,2.14,3.4827866554260254,R-like,R_like_by_product_reference,-7.055644512176514
gromacs_1k_timing,429,2145.0,9,14,17,2145.0,2.145,3.046228647232056,R-like,R_like_by_product_reference,-6.3311614990234375
gromacs_1k_timing,430,2150.0,8,15,21,2150.0,2.15,3.4121389389038086,R-like,R_like_by_product_reference,-6.902221202850342
gromacs_1k_timing,431,2155.0,9,14,19,2155.0,2.155,3.4937078952789307,R-like,R_like_by_product_reference,-6.942251205444336
gromacs_1k_timing,432,2160.0,9,13,19,2160.0,2.16,3.226916790008545,R-like,R_like_by_product_reference,-6.335909843444824
gromacs_1k_timing,433,2165.0,11,13,17,2165.0,2.165,3.043860912322998,R-like,R_like_by_product_reference,-4.4416584968566895
gromacs_1k_timing,434,2170.0,10,14,17,2170.0,2.17,3.293537139892578,R-like,R_like_by_product_reference,-6.290902137756348
gromacs_1k_timing,435,2175.0,12,15,19,2175.0,2.175,3.120656967163086,R-like,R_like_by_product_reference,-6.809243679046631
gromacs_1k_timing,436,2180.0,10,14,18,2180.0,2.18,3.6928324699401855,R-like,R_like_by_product_reference,-7.354317665100098
gromacs_1k_timing,437,2185.0,10,13,16,2185.0,2.185,3.1248979568481445,R-like,R_like_by_product_reference,-5.839790344238281
gromacs_1k_timing,438,2190.0,10,13,20,2190.0,2.19,3.3338279724121094,R-like,R_like_by_product_reference,-6.69744873046875
gromacs_1k_timing,439,2195.0,10,13,18,2195.0,2.195,3.0902905464172363,R-like,R_like_by_product_reference,-5.910745620727539
gromacs_1k_timing,440,2200.0,11,13,17,2200.0,2.2,3.3735015392303467,R-like,R_like_by_product_reference,-5.544634819030762
gromacs_1k_timing,441,2205.0,9,14,20,2205.0,2.205,3.268468379974365,R-like,R_like_by_product_reference,-6.711633205413818
gromacs_1k_timing,442,2210.0,9,13,18,2210.0,2.21,3.2020931243896484,R-like,R_like_by_product_reference,-5.502200126647949
gromacs_1k_timing,443,2215.0,10,13,17,2215.0,2.215,3.399896144866944,R-like,R_like_by_product_reference,-6.302709579467773
gromacs_1k_timing,444,2220.0,9,13,17,2220.0,2.22,3.1186869144439697,R-like,R_like_by_product_reference,-6.181977272033691
gromacs_1k_timing,445,2225.0,10,14,20,2225.0,2.225,3.366971015930176,R-like,R_like_by_product_reference,-5.727733135223389
gromacs_1k_timing,446,2230.0,10,14,17,2230.0,2.23,3.4359285831451416,R-like,R_like_by_product_reference,-6.181167125701904
gromacs_1k_timing,447,2235.0,10,13,18,2235.0,2.235,3.389233350753784,R-like,R_like_by_product_reference,-6.316777229309082
gromacs_1k_timing,448,2240.0,10,13,20,2240.0,2.24,3.4953835010528564,R-like,R_like_by_product_reference,-7.138769149780273
gromacs_1k_timing,449,2245.0,8,14,18,2245.0,2.245,3.4626293182373047,R-like,R_like_by_product_reference,-6.367889404296875
gromacs_1k_timing,450,2250.0,9,14,17,2250.0,2.25,3.123939275741577,R-like,R_like_by_product_reference,-6.192318916320801
gromacs_1k_timing,451,2255.0,11,13,16,2255.0,2.255,3.057333707809448,R-like,R_like_by_product_reference,-5.860429286956787
gromacs_1k_timing,452,2260.0,9,14,18,2260.0,2.26,3.365428686141968,R-like,R_like_by_product_reference,-7.383718013763428
gromacs_1k_timing,453,2265.0,8,13,18,2265.0,2.265,3.160409450531006,R-like,R_like_by_product_reference,-4.137115478515625
gromacs_1k_timing,454,2270.0,9,14,18,2270.0,2.27,3.0135340690612797,R-like,R_like_by_product_reference,-5.262124061584473
gromacs_1k_timing,455,2275.0,9,12,17,2275.0,2.275,3.187101125717163,R-like,R_like_by_product_reference,-6.255297183990479
gromacs_1k_timing,456,2280.0,10,13,17,2280.0,2.28,3.2119336128234863,R-like,R_like_by_product_reference,-5.682185649871826
gromacs_1k_timing,457,2285.0,9,13,18,2285.0,2.285,3.5920207500457764,R-like,R_like_by_product_reference,-6.752898216247559
gromacs_1k_timing,458,2290.0,12,14,17,2290.0,2.29,3.187237501144409,R-like,R_like_by_product_reference,-5.839364051818848
gromacs_1k_timing,459,2295.0,9,13,19,2295.0,2.295,3.3028039932250977,R-like,R_like_by_product_reference,-5.287213802337647
gromacs_1k_timing,460,2300.0,8,13,19,2300.0,2.3,3.5643112659454346,R-like,R_like_by_product_reference,-6.2491326332092285
gromacs_1k_timing,461,2305.0,10,13,16,2305.0,2.305,3.2052605152130127,R-like,R_like_by_product_reference,-4.292858600616455
gromacs_1k_timing,462,2310.0,8,13,17,2310.0,2.31,3.1310386657714844,R-like,R_like_by_product_reference,-4.27216911315918
gromacs_1k_timing,463,2315.0,11,13,18,2315.0,2.315,3.1437859535217285,R-like,R_like_by_product_reference,-5.4571614265441895
gromacs_1k_timing,464,2320.0,8,13,17,2320.0,2.32,3.116743564605713,R-like,R_like_by_product_reference,-3.220738172531128
gromacs_1k_timing,465,2325.0,9,13,17,2325.0,2.325,2.9586660861968994,R-like,R_like_by_product_reference,-0.3828887641429901
gromacs_1k_timing,466,2330.0,9,13,16,2330.0,2.33,3.161868095397949,S-like,S_like_by_product_reference,0.7731325030326843
gromacs_1k_timing,467,2335.0,8,11,16,2335.0,2.335,3.1121222972869877,S-like,S_like_by_product_reference,0.8102571964263916
gromacs_1k_timing,468,2340.0,9,12,15,2340.0,2.34,3.3386387825012207,S-like,S_like_by_product_reference,1.5940465927124023
gromacs_1k_timing,469,2345.0,7,13,17,2345.0,2.345,2.958141326904297,R-like,R_like_by_product_reference,-0.2427747696638107
gromacs_1k_timing,470,2350.0,10,13,15,2350.0,2.35,2.957783937454224,R-like,R_like_by_product_reference,-0.6505718231201172
gromacs_1k_timing,471,2355.0,8,12,13,2355.0,2.355,3.00008225440979,S-like,S_like_by_product_reference,1.149192452430725
gromacs_1k_timing,472,2360.0,9,12,13,2360.0,2.36,3.239771842956543,S-like,S_like_by_product_reference,3.258737087249756
gromacs_1k_timing,473,2365.0,8,14,18,2365.0,2.365,3.169999122619629,S-like,S_like_by_product_reference,1.7291532754898071
gromacs_1k_timing,474,2370.0,8,12,16,2370.0,2.37,4.4032392501831055,S-like,S_like_by_product_reference,3.578213691711426
gromacs_1k_timing,475,2375.0,9,11,19,2375.0,2.375,4.422770023345947,S-like,S_like_by_product_reference,0.4019588232040405
gromacs_1k_timing,476,2380.0,8,14,17,2380.0,2.38,4.200643062591553,R-like,R_like_by_product_reference,-1.5610120296478271
gromacs_1k_timing,477,2385.0,10,12,19,2385.0,2.385,4.287399768829346,S-like,S_like_by_product_reference,0.4168854355812073
gromacs_1k_timing,478,2390.0,8,13,19,2390.0,2.39,4.195631980895996,R-like,R_like_by_product_reference,-0.4863411486148834
gromacs_1k_timing,479,2395.0,9,14,19,2395.0,2.395,4.225727558135986,R-like,R_like_by_product_reference,-0.4544512033462524
gromacs_1k_timing,480,2400.0,8,13,15,2400.0,2.4,4.279453277587891,S-like,S_like_by_product_reference,3.3197989463806152
gromacs_1k_timing,481,2405.0,8,13,19,2405.0,2.405,4.542084217071533,S-like,S_like_by_product_reference,4.260690212249756
gromacs_1k_timing,482,2410.0,9,14,18,2410.0,2.41,4.42510986328125,S-like,S_like_by_product_reference,0.7445927262306213
gromacs_1k_timing,483,2415.0,11,14,21,2415.0,2.415,4.477926731109619,S-like,S_like_by_product_reference,1.3381649255752563
gromacs_1k_timing,484,2420.0,10,13,18,2420.0,2.42,4.251504898071289,S-like,S_like_by_product_reference,1.072115421295166
gromacs_1k_timing,485,2425.0,9,13,19,2425.0,2.425,4.179774761199951,S-like,S_like_by_product_reference,0.5843000411987305
gromacs_1k_timing,486,2430.0,9,13,20,2430.0,2.43,4.324500560760498,S-like,S_like_by_product_reference,0.4654494225978851
gromacs_1k_timing,487,2435.0,9,15,18,2435.0,2.435,4.323645114898682,R-like,R_like_by_product_reference,-0.0987307876348495
gromacs_1k_timing,488,2440.0,9,15,19,2440.0,2.44,4.365328311920166,S-like,S_like_by_product_reference,0.5585376620292664
gromacs_1k_timing,489,2445.0,10,14,19,2445.0,2.445,4.321169376373291,S-like,S_like_by_product_reference,0.98244708776474
gromacs_1k_timing,490,2450.0,9,13,18,2450.0,2.45,4.374768257141113,S-like,S_like_by_product_reference,1.5989583730697632
gromacs_1k_timing,491,2455.0,10,13,19,2455.0,2.455,4.37632942199707,S-like,S_like_by_product_reference,1.5046067237854004
gromacs_1k_timing,492,2460.0,10,16,18,2460.0,2.46,4.383879661560059,S-like,S_like_by_product_reference,0.7568793296813965
gromacs_1k_timing,493,2465.0,12,15,20,2465.0,2.465,4.337764739990234,R-like,R_like_by_product_reference,-0.5177469253540039
gromacs_1k_timing,494,2470.0,9,15,19,2470.0,2.47,4.430509090423584,S-like,S_like_by_product_reference,0.9678044319152832
gromacs_1k_timing,495,2475.0,10,15,18,2475.0,2.475,4.617466926574707,S-like,S_like_by_product_reference,3.118626594543457
gromacs_1k_timing,496,2480.0,10,15,18,2480.0,2.48,4.381882190704346,S-like,S_like_by_product_reference,1.6317946910858154
gromacs_1k_timing,497,2485.0,10,15,20,2485.0,2.485,4.5472092628479,S-like,S_like_by_product_reference,1.693753361701965
gromacs_1k_timing,498,2490.0,10,15,20,2490.0,2.49,4.463776588439941,S-like,S_like_by_product_reference,0.6297276020050049
gromacs_1k_timing,499,2495.0,11,15,19,2495.0,2.495,4.457355499267578,S-like,S_like_by_product_reference,0.6271924376487732
gromacs_1k_timing,500,2500.0,10,15,19,2500.0,2.5,4.2542805671691895,S-like,S_like_by_product_reference,1.3190839290618896
gromacs_1k_timing,501,2505.0,9,15,19,2505.0,2.505,4.720898628234863,S-like,S_like_by_product_reference,1.712896466255188
gromacs_1k_timing,502,2510.0,10,14,18,2510.0,2.51,4.189291954040527,S-like,S_like_by_product_reference,1.2214248180389404
gromacs_1k_timing,503,2515.0,11,14,17,2515.0,2.515,4.371634006500244,S-like,S_like_by_product_reference,0.4747131764888763
gromacs_1k_timing,504,2520.0,10,16,19,2520.0,2.52,4.496689796447754,S-like,S_like_by_product_reference,1.6017329692840576
gromacs_1k_timing,505,2525.0,11,15,17,2525.0,2.525,4.487026214599609,S-like,S_like_by_product_reference,1.372398853302002
gromacs_1k_timing,506,2530.0,11,15,18,2530.0,2.53,4.573785305023193,S-like,S_like_by_product_reference,3.0933384895324707
gromacs_1k_timing,507,2535.0,10,14,19,2535.0,2.535,4.340779781341553,S-like,S_like_by_product_reference,1.045584201812744
gromacs_1k_timing,508,2540.0,11,15,20,2540.0,2.54,4.480692386627197,S-like,S_like_by_product_reference,1.2571271657943726
gromacs_1k_timing,509,2545.0,11,14,20,2545.0,2.545,4.441601753234863,S-like,S_like_by_product_reference,0.8186165690422058
gromacs_1k_timing,510,2550.0,10,15,19,2550.0,2.55,4.183052062988281,S-like,S_like_by_product_reference,0.8663840889930725
gromacs_1k_timing,511,2555.0,10,14,18,2555.0,2.555,4.740495681762695,S-like,S_like_by_product_reference,0.848646879196167
gromacs_1k_timing,512,2560.0,10,12,20,2560.0,2.56,4.271806240081787,R-like,R_like_by_product_reference,-0.3379692137241363
gromacs_1k_timing,513,2565.0,10,11,18,2565.0,2.565,4.378346920013428,S-like,S_like_by_product_reference,1.0533515214920044
gromacs_1k_timing,514,2570.0,9,12,18,2570.0,2.57,4.413717269897461,S-like,S_like_by_product_reference,0.9776426553726196
gromacs_1k_timing,515,2575.0,11,12,17,2575.0,2.575,4.329214096069336,S-like,S_like_by_product_reference,1.863039493560791
gromacs_1k_timing,516,2580.0,9,12,14,2580.0,2.58,4.417805671691895,R-like,R_like_by_product_reference,-2.322202444076538
gromacs_1k_timing,517,2585.0,10,13,18,2585.0,2.585,4.189367771148682,S-like,S_like_by_product_reference,1.9823169708251955
gromacs_1k_timing,518,2590.0,10,11,20,2590.0,2.59,4.221707820892334,R-like,R_like_by_product_reference,-0.0336776264011859
gromacs_1k_timing,519,2595.0,11,12,20,2595.0,2.595,4.358371257781982,S-like,S_like_by_product_reference,1.789721131324768
gromacs_1k_timing,520,2600.0,11,12,18,2600.0,2.6,4.403065204620361,S-like,S_like_by_product_reference,3.224989652633667
gromacs_1k_timing,521,2605.0,11,11,17,2605.0,2.605,4.198394298553467,S-like,S_like_by_product_reference,2.644196033477783
gromacs_1k_timing,522,2610.0,9,12,17,2610.0,2.61,3.6449167728424072,S-like,S_like_by_product_reference,5.4637556076049805
gromacs_1k_timing,523,2615.0,9,11,15,2615.0,2.615,4.3647003173828125,R-like,R_like_by_product_reference,-1.0857797861099243
gromacs_1k_timing,524,2620.0,11,12,17,2620.0,2.62,4.082500457763672,S-like,S_like_by_product_reference,2.6415956020355225
gromacs_1k_timing,525,2625.0,11,13,16,2625.0,2.625,3.068077564239502,S-like,S_like_by_product_reference,2.549302339553833
gromacs_1k_timing,526,2630.0,10,14,18,2630.0,2.63,4.341609954833984,S-like,S_like_by_product_reference,1.529386043548584
gromacs_1k_timing,527,2635.0,11,11,17,2635.0,2.635,4.401373386383057,S-like,S_like_by_product_reference,2.89359712600708
gromacs_1k_timing,528,2640.0,10,11,17,2640.0,2.64,4.160680770874023,S-like,S_like_by_product_reference,2.837145566940308
gromacs_1k_timing,529,2645.0,10,12,17,2645.0,2.645,4.18800687789917,S-like,S_like_by_product_reference,3.222618818283081
gromacs_1k_timing,530,2650.0,9,12,17,2650.0,2.65,4.288238525390625,S-like,S_like_by_product_reference,2.086890935897827
gromacs_1k_timing,531,2655.0,10,13,19,2655.0,2.655,4.281088352203369,S-like,S_like_by_product_reference,2.049781560897827
gromacs_1k_timing,532,2660.0,10,12,17,2660.0,2.66,4.14818000793457,S-like,S_like_by_product_reference,1.953118920326233
gromacs_1k_timing,533,2665.0,9,13,17,2665.0,2.665,4.231030464172363,S-like,S_like_by_product_reference,2.333611965179444
gromacs_1k_timing,534,2670.0,8,13,18,2670.0,2.67,4.254573822021484,S-like,S_like_by_product_reference,3.4789133071899414
gromacs_1k_timing,535,2675.0,10,13,15,2675.0,2.675,4.103692531585693,R-like,R_like_by_product_reference,-1.4571398496627808
gromacs_1k_timing,536,2680.0,11,13,19,2680.0,2.68,4.266530990600586,S-like,S_like_by_product_reference,1.9112913608551023
gromacs_1k_timing,537,2685.0,10,13,16,2685.0,2.685,4.271171569824219,S-like,S_like_by_product_reference,0.323863685131073
gromacs_1k_timing,538,2690.0,10,12,17,2690.0,2.69,4.296175479888916,S-like,S_like_by_product_reference,1.4516136646270752
gromacs_1k_timing,539,2695.0,10,12,18,2695.0,2.695,3.79438853263855,S-like,S_like_by_product_reference,7.038759231567383
gromacs_1k_timing,540,2700.0,10,12,17,2700.0,2.7,4.294845104217529,S-like,S_like_by_product_reference,2.144540786743164
gromacs_1k_timing,541,2705.0,11,12,17,2705.0,2.705,4.280256748199463,S-like,S_like_by_product_reference,2.4188687801361084
gromacs_1k_timing,542,2710.0,10,13,16,2710.0,2.71,4.17184591293335,S-like,S_like_by_product_reference,3.761975765228272
gromacs_1k_timing,543,2715.0,10,13,17,2715.0,2.715,4.243785381317139,S-like,S_like_by_product_reference,2.727011680603028
gromacs_1k_timing,544,2720.0,10,13,17,2720.0,2.72,4.147216796875,S-like,S_like_by_product_reference,3.8429982662200928
gromacs_1k_timing,545,2725.0,9,13,16,2725.0,2.725,4.19228982925415,R-like,R_like_by_product_reference,-0.1330747604370117
gromacs_1k_timing,546,2730.0,9,13,16,2730.0,2.73,4.284506320953369,S-like,S_like_by_product_reference,3.4639601707458496
gromacs_1k_timing,547,2735.0,10,13,19,2735.0,2.735,4.138537883758545,S-like,S_like_by_product_reference,1.9501495361328125
gromacs_1k_timing,548,2740.0,9,13,16,2740.0,2.74,4.336644172668457,S-like,S_like_by_product_reference,1.780380129814148
gromacs_1k_timing,549,2745.0,10,13,16,2745.0,2.745,4.25884485244751,S-like,S_like_by_product_reference,2.517973661422729
gromacs_1k_timing,550,2750.0,9,13,18,2750.0,2.75,4.2485032081604,S-like,S_like_by_product_reference,3.3079986572265625
gromacs_1k_timing,551,2755.0,11,13,16,2755.0,2.755,4.269306659698486,S-like,S_like_by_product_reference,2.143522262573242
gromacs_1k_timing,552,2760.0,11,13,17,2760.0,2.76,4.511106014251709,S-like,S_like_by_product_reference,1.2267086505889893
gromacs_1k_timing,553,2765.0,10,13,19,2765.0,2.765,4.259634017944336,S-like,S_like_by_product_reference,2.8255627155303955
gromacs_1k_timing,554,2770.0,9,13,16,2770.0,2.77,4.142981052398682,S-like,S_like_by_product_reference,4.28986406326294
gromacs_1k_timing,555,2775.0,11,13,17,2775.0,2.775,4.1173906326293945,S-like,S_like_by_product_reference,4.027361869812012
gromacs_1k_timing,556,2780.0,11,13,19,2780.0,2.78,4.32734489440918,R-like,R_like_by_product_reference,-0.0832158476114273
gromacs_1k_timing,557,2785.0,9,14,17,2785.0,2.785,4.292746543884277,R-like,R_like_by_product_reference,-2.691595554351806
gromacs_1k_timing,558,2790.0,8,13,18,2790.0,2.79,4.269121170043945,R-like,R_like_by_product_reference,-2.272017002105713
gromacs_1k_timing,559,2795.0,9,13,16,2795.0,2.795,4.285102367401123,R-like,R_like_by_product_reference,-0.8942217826843262
gromacs_1k_timing,560,2800.0,9,13,17,2800.0,2.8,4.214094638824463,R-like,R_like_by_product_reference,-1.6885141134262085
gromacs_1k_timing,561,2805.0,10,13,18,2805.0,2.805,3.39182710647583,S-like,S_like_by_product_reference,5.308969497680664
gromacs_1k_timing,562,2810.0,10,13,17,2810.0,2.81,4.139610767364502,S-like,S_like_by_product_reference,3.6790192127227774
gromacs_1k_timing,563,2815.0,10,13,16,2815.0,2.815,4.263904094696045,S-like,S_like_by_product_reference,3.4811925888061523
gromacs_1k_timing,564,2820.0,12,14,17,2820.0,2.82,4.3566203117370605,R-like,R_like_by_product_reference,-2.943180799484253
gromacs_1k_timing,565,2825.0,11,13,18,2825.0,2.825,4.2724480628967285,R-like,R_like_by_product_reference,-2.3303558826446533
gromacs_1k_timing,566,2830.0,11,14,16,2830.0,2.83,4.250339508056641,R-like,R_like_by_product_reference,-2.6028494834899902
gromacs_1k_timing,567,2835.0,11,13,18,2835.0,2.835,4.304092884063721,R-like,R_like_by_product_reference,-1.3292652368545532
gromacs_1k_timing,568,2840.0,10,13,19,2840.0,2.84,4.085808277130127,R-like,R_like_by_product_reference,-2.755847454071045
gromacs_1k_timing,569,2845.0,12,13,18,2845.0,2.845,4.181878566741943,R-like,R_like_by_product_reference,-2.383485078811645
gromacs_1k_timing,570,2850.0,10,13,16,2850.0,2.85,4.250751495361328,R-like,R_like_by_product_reference,-1.13243567943573
gromacs_1k_timing,571,2855.0,10,13,21,2855.0,2.855,4.356844425201416,R-like,R_like_by_product_reference,-2.768007516860962
gromacs_1k_timing,572,2860.0,12,13,18,2860.0,2.86,4.242923259735107,R-like,R_like_by_product_reference,-2.150986909866333
gromacs_1k_timing,573,2865.0,10,13,15,2865.0,2.865,4.211366653442383,R-like,R_like_by_product_reference,-1.8887468576431277
gromacs_1k_timing,574,2870.0,11,13,16,2870.0,2.87,4.268744468688965,S-like,S_like_by_product_reference,2.2770469188690186
gromacs_1k_timing,575,2875.0,11,13,15,2875.0,2.875,4.173898696899414,S-like,S_like_by_product_reference,0.9146670699119568
gromacs_1k_timing,576,2880.0,11,13,14,2880.0,2.88,3.19355583190918,S-like,S_like_by_product_reference,3.36972451210022
gromacs_1k_timing,577,2885.0,10,13,17,2885.0,2.885,3.870687961578369,S-like,S_like_by_product_reference,4.676737785339356
gromacs_1k_timing,578,2890.0,10,13,16,2890.0,2.89,3.2549543380737305,S-like,S_like_by_product_reference,4.844938278198242
gromacs_1k_timing,579,2895.0,11,13,17,2895.0,2.895,3.742589235305786,S-like,S_like_by_product_reference,4.339966773986816
gromacs_1k_timing,580,2900.0,11,13,18,2900.0,2.9,4.325043678283691,R-like,R_like_by_product_reference,-0.829393744468689
gromacs_1k_timing,581,2905.0,9,13,17,2905.0,2.905,3.5018980503082275,S-like,S_like_by_product_reference,4.2089524269104
gromacs_1k_timing,582,2910.0,9,13,17,2910.0,2.91,3.1330816745758057,S-like,S_like_by_product_reference,5.67901086807251
gromacs_1k_timing,583,2915.0,11,13,17,2915.0,2.915,4.053225994110107,S-like,S_like_by_product_reference,4.594999313354492
gromacs_1k_timing,584,2920.0,10,13,15,2920.0,2.92,3.385202169418335,S-like,S_like_by_product_reference,4.164848804473877
gromacs_1k_timing,585,2925.0,11,13,14,2925.0,2.925,3.372405767440796,S-like,S_like_by_product_reference,3.0226101875305176
gromacs_1k_timing,586,2930.0,12,13,17,2930.0,2.93,3.667413473129273,S-like,S_like_by_product_reference,5.017209053039551
gromacs_1k_timing,587,2935.0,12,13,16,2935.0,2.935,3.326529026031494,S-like,S_like_by_product_reference,3.7613141536712646
gromacs_1k_timing,588,2940.0,10,13,18,2940.0,2.94,3.4475905895233154,S-like,S_like_by_product_reference,5.137392044067383
gromacs_1k_timing,589,2945.0,11,13,16,2945.0,2.945,3.6925458908081055,S-like,S_like_by_product_reference,5.173680305480957
gromacs_1k_timing,590,2950.0,12,13,17,2950.0,2.95,3.3293585777282715,S-like,S_like_by_product_reference,5.575405597686768
gromacs_1k_timing,591,2955.0,10,13,17,2955.0,2.955,3.2657148838043213,S-like,S_like_by_product_reference,5.403473854064941
gromacs_1k_timing,592,2960.0,11,13,16,2960.0,2.96,3.569329738616944,S-like,S_like_by_product_reference,5.293730735778809
gromacs_1k_timing,593,2965.0,11,13,16,2965.0,2.965,3.337754964828491,S-like,S_like_by_product_reference,3.7441675662994394
gromacs_1k_timing,594,2970.0,11,13,15,2970.0,2.97,3.3858237266540527,S-like,S_like_by_product_reference,4.410118103027344
gromacs_1k_timing,595,2975.0,12,13,18,2975.0,2.975,3.471970796585083,S-like,S_like_by_product_reference,5.567526340484619
gromacs_1k_timing,596,2980.0,10,13,15,2980.0,2.98,4.220449924468994,S-like,S_like_by_product_reference,2.85388445854187
gromacs_1k_timing,597,2985.0,11,13,18,2985.0,2.985,4.210867404937744,S-like,S_like_by_product_reference,2.358491897583008
gromacs_1k_timing,598,2990.0,12,13,16,2990.0,2.99,3.2760517597198486,S-like,S_like_by_product_reference,4.883410453796387
gromacs_1k_timing,599,2995.0,10,13,17,2995.0,2.995,4.129152297973633,S-like,S_like_by_product_reference,3.731991291046143
gromacs_1k_timing,600,3000.0,12,13,17,3000.0,3.0,3.4041922092437744,S-like,S_like_by_product_reference,5.275265216827393
gromacs_1k_timing,601,3005.0,10,13,16,3005.0,3.005,3.272768974304199,S-like,S_like_by_product_reference,4.870643138885498
gromacs_1k_timing,602,3010.0,12,13,16,3010.0,3.01,3.471973419189453,S-like,S_like_by_product_reference,4.878567695617676
gromacs_1k_timing,603,3015.0,10,13,16,3015.0,3.015,3.5202550888061523,S-like,S_like_by_product_reference,5.36065149307251
gromacs_1k_timing,604,3020.0,11,13,15,3020.0,3.02,3.6103169918060303,S-like,S_like_by_product_reference,4.81742525100708
gromacs_1k_timing,605,3025.0,12,13,16,3025.0,3.025,3.9533531665802,S-like,S_like_by_product_reference,4.642577171325684
gromacs_1k_timing,606,3030.0,13,13,16,3030.0,3.03,4.116322040557861,R-like,R_like_by_product_reference,-1.5903890132904053
gromacs_1k_timing,607,3035.0,10,13,17,3035.0,3.035,4.233026027679443,R-like,R_like_by_product_reference,-1.836746454238892
gromacs_1k_timing,608,3040.0,11,13,16,3040.0,3.04,4.357443332672119,S-like,S_like_by_product_reference,2.268380880355835
gromacs_1k_timing,609,3045.0,12,13,21,3045.0,3.045,4.498709678649902,R-like,R_like_by_product_reference,-1.6495952606201172
gromacs_1k_timing,610,3050.0,11,14,17,3050.0,3.05,4.681812763214111,R-like,R_like_by_product_reference,-3.0044448375701904
gromacs_1k_timing,611,3055.0,11,13,19,3055.0,3.055,4.4829583168029785,R-like,R_like_by_product_reference,-2.431886672973633
gromacs_1k_timing,612,3060.0,12,13,21,3060.0,3.06,4.6292643547058105,R-like,R_like_by_product_reference,-3.006263732910156
gromacs_1k_timing,613,3065.0,10,13,19,3065.0,3.065,4.452337265014648,R-like,R_like_by_product_reference,-1.9269613027572632
gromacs_1k_timing,614,3070.0,11,13,18,3070.0,3.07,4.135383129119873,R-like,R_like_by_product_reference,-0.772301971912384
gromacs_1k_timing,615,3075.0,9,12,17,3075.0,3.075,4.169951915740967,R-like,R_like_by_product_reference,-0.9371885061264038
gromacs_1k_timing,616,3080.0,10,13,17,3080.0,3.08,4.327921390533447,R-like,R_like_by_product_reference,-2.1972668170928955
gromacs_1k_timing,617,3085.0,11,13,16,3085.0,3.085,4.221004009246826,R-like,R_like_by_product_reference,-1.310768485069275
gromacs_1k_timing,618,3090.0,11,11,18,3090.0,3.09,4.365511894226074,R-like,R_like_by_product_reference,-1.547745704650879
gromacs_1k_timing,619,3095.0,11,13,17,3095.0,3.095,4.470802307128906,R-like,R_like_by_product_reference,-1.2910212278366089
gromacs_1k_timing,620,3100.0,9,13,17,3100.0,3.1,4.486713409423828,R-like,R_like_by_product_reference,-2.845413446426392
gromacs_1k_timing,621,3105.0,11,13,18,3105.0,3.105,4.478818416595459,R-like,R_like_by_product_reference,-0.9079945683479308
gromacs_1k_timing,622,3110.0,10,12,18,3110.0,3.11,4.582096576690674,R-like,R_like_by_product_reference,-2.900670051574707
gromacs_1k_timing,623,3115.0,9,12,17,3115.0,3.115,4.406584739685059,R-like,R_like_by_product_reference,-0.2281419932842254
gromacs_1k_timing,624,3120.0,10,15,18,3120.0,3.12,4.666572093963623,R-like,R_like_by_product_reference,-2.4426443576812744
gromacs_1k_timing,625,3125.0,10,12,19,3125.0,3.125,4.153902530670166,R-like,R_like_by_product_reference,-0.2424775213003158
gromacs_1k_timing,626,3130.0,10,11,17,3130.0,3.13,4.472607612609863,R-like,R_like_by_product_reference,-2.600919246673584
gromacs_1k_timing,627,3135.0,10,14,21,3135.0,3.135,4.213858604431152,R-like,R_like_by_product_reference,-1.6355061531066897
gromacs_1k_timing,628,3140.0,10,15,20,3140.0,3.14,4.287352561950684,R-like,R_like_by_product_reference,-2.2028355598449707
gromacs_1k_timing,629,3145.0,9,15,19,3145.0,3.145,4.40370512008667,R-like,R_like_by_product_reference,-2.171766996383667
gromacs_1k_timing,630,3150.0,11,13,17,3150.0,3.15,4.311673641204834,R-like,R_like_by_product_reference,-2.101412057876587
gromacs_1k_timing,631,3155.0,10,15,21,3155.0,3.155,4.357028007507324,R-like,R_like_by_product_reference,-0.1418946832418441
gromacs_1k_timing,632,3160.0,11,14,17,3160.0,3.16,4.443713188171387,R-like,R_like_by_product_reference,-1.196592926979065
gromacs_1k_timing,633,3165.0,10,13,18,3165.0,3.165,4.5215277671813965,R-like,R_like_by_product_reference,-2.6336960792541504
gromacs_1k_timing,634,3170.0,10,14,18,3170.0,3.17,4.4053955078125,S-like,S_like_by_product_reference,2.387885332107544
gromacs_1k_timing,635,3175.0,9,13,16,3175.0,3.175,4.352312088012695,R-like,R_like_by_product_reference,-2.758775472640991
gromacs_1k_timing,636,3180.0,10,13,17,3180.0,3.18,4.382579803466797,R-like,R_like_by_product_reference,-2.6316823959350586
gromacs_1k_timing,637,3185.0,10,13,18,3185.0,3.185,4.212399005889893,R-like,R_like_by_product_reference,-2.264711380004883
gromacs_1k_timing,638,3190.0,10,13,17,3190.0,3.19,4.456110000610352,R-like,R_like_by_product_reference,-2.43353533744812
gromacs_1k_timing,639,3195.0,9,14,22,3195.0,3.195,4.65399694442749,R-like,R_like_by_product_reference,-1.797300100326538
gromacs_1k_timing,640,3200.0,11,12,18,3200.0,3.2,4.492336750030518,S-like,S_like_by_product_reference,2.2153069972991943
gromacs_1k_timing,641,3205.0,11,12,17,3205.0,3.205,4.323816299438477,S-like,S_like_by_product_reference,2.4275007247924805
gromacs_1k_timing,642,3210.0,9,13,16,3210.0,3.21,4.330460071563721,S-like,S_like_by_product_reference,2.375406503677368
gromacs_1k_timing,643,3215.0,9,13,19,3215.0,3.215,4.281692028045654,S-like,S_like_by_product_reference,3.73404312133789
gromacs_1k_timing,644,3220.0,9,13,16,3220.0,3.22,4.266063213348389,S-like,S_like_by_product_reference,4.030819416046143
gromacs_1k_timing,645,3225.0,9,13,21,3225.0,3.225,4.539228916168213,S-like,S_like_by_product_reference,2.971982955932617
gromacs_1k_timing,646,3230.0,9,13,18,3230.0,3.23,4.397941112518311,R-like,R_like_by_product_reference,-1.9718668460845947
gromacs_1k_timing,647,3235.0,9,13,18,3235.0,3.235,4.379690647125244,R-like,R_like_by_product_reference,-1.051428198814392
gromacs_1k_timing,648,3240.0,8,13,15,3240.0,3.24,4.299148082733154,S-like,S_like_by_product_reference,0.1591527760028839
gromacs_1k_timing,649,3245.0,10,13,19,3245.0,3.245,4.421186447143555,R-like,R_like_by_product_reference,-0.4962722957134247
gromacs_1k_timing,650,3250.0,10,12,19,3250.0,3.25,4.2596845626831055,R-like,R_like_by_product_reference,-2.436518669128418
gromacs_1k_timing,651,3255.0,9,14,19,3255.0,3.255,2.9753289222717285,R-like,R_like_by_product_reference,-2.282136917114258
gromacs_1k_timing,652,3260.0,10,13,16,3260.0,3.26,3.1187314987182617,R-like,R_like_by_product_reference,-3.0398645401000977
gromacs_1k_timing,653,3265.0,9,13,16,3265.0,3.265,3.567138910293579,R-like,R_like_by_product_reference,-4.872600078582764
gromacs_1k_timing,654,3270.0,9,12,17,3270.0,3.27,3.323086738586426,R-like,R_like_by_product_reference,-4.550217151641846
gromacs_1k_timing,655,3275.0,9,13,18,3275.0,3.275,4.3032426834106445,R-like,R_like_by_product_reference,-2.2960705757141118
gromacs_1k_timing,656,3280.0,7,12,17,3280.0,3.28,4.267868041992188,S-like,S_like_by_product_reference,0.2117360234260559
gromacs_1k_timing,657,3285.0,9,12,20,3285.0,3.285,4.314544677734375,R-like,R_like_by_product_reference,-1.9721505641937256
gromacs_1k_timing,658,3290.0,9,12,17,3290.0,3.29,4.339634895324707,R-like,R_like_by_product_reference,-1.1220767498016355
gromacs_1k_timing,659,3295.0,8,11,18,3295.0,3.295,4.359152793884277,R-like,R_like_by_product_reference,-2.067168712615967
gromacs_1k_timing,660,3300.0,9,13,16,3300.0,3.3,4.385079383850098,R-like,R_like_by_product_reference,-2.312629222869873
gromacs_1k_timing,661,3305.0,9,12,15,3305.0,3.305,4.044205665588379,R-like,R_like_by_product_reference,-3.571898937225342
gromacs_1k_timing,662,3310.0,11,13,16,3310.0,3.31,4.552154064178467,R-like,R_like_by_product_reference,-1.808967351913452
gromacs_1k_timing,663,3315.0,9,12,17,3315.0,3.315,4.496519565582275,R-like,R_like_by_product_reference,-0.5414658784866333
gromacs_1k_timing,664,3320.0,8,12,18,3320.0,3.32,4.341684341430664,S-like,S_like_by_product_reference,2.30039644241333
gromacs_1k_timing,665,3325.0,8,12,17,3325.0,3.325,4.232267379760742,S-like,S_like_by_product_reference,3.228156566619873
gromacs_1k_timing,666,3330.0,8,13,21,3330.0,3.33,4.315918922424316,S-like,S_like_by_product_reference,3.73657488822937
gromacs_1k_timing,667,3335.0,9,13,17,3335.0,3.335,4.016218185424805,S-like,S_like_by_product_reference,3.767935514450073
gromacs_1k_timing,668,3340.0,9,13,18,3340.0,3.34,4.220245838165283,S-like,S_like_by_product_reference,2.463266372680664
gromacs_1k_timing,669,3345.0,11,13,21,3345.0,3.345,4.493342876434326,S-like,S_like_by_product_reference,2.1258058547973637
gromacs_1k_timing,670,3350.0,9,13,17,3350.0,3.35,4.298863410949707,R-like,R_like_by_product_reference,-1.1416869163513184
gromacs_1k_timing,671,3355.0,11,16,21,3355.0,3.355,4.481351375579834,S-like,S_like_by_product_reference,2.591707468032837
gromacs_1k_timing,672,3360.0,9,13,18,3360.0,3.36,4.309536457061768,R-like,R_like_by_product_reference,-0.4251367449760437
gromacs_1k_timing,673,3365.0,10,14,19,3365.0,3.365,4.2004170417785645,R-like,R_like_by_product_reference,-0.2004915177822113
gromacs_1k_timing,674,3370.0,9,15,21,3370.0,3.37,4.493573188781738,S-like,S_like_by_product_reference,2.1308672428131104
gromacs_1k_timing,675,3375.0,9,14,19,3375.0,3.375,4.494229316711426,S-like,S_like_by_product_reference,3.696429967880249
gromacs_1k_timing,676,3380.0,9,16,21,3380.0,3.38,4.406789779663086,S-like,S_like_by_product_reference,1.6103367805480957
gromacs_1k_timing,677,3385.0,10,15,19,3385.0,3.385,4.3243279457092285,S-like,S_like_by_product_reference,2.4155209064483643
gromacs_1k_timing,678,3390.0,8,16,20,3390.0,3.39,4.185940742492676,S-like,S_like_by_product_reference,2.9300687313079834
gromacs_1k_timing,679,3395.0,8,16,21,3395.0,3.395,4.394870281219482,S-like,S_like_by_product_reference,5.011496067047119
gromacs_1k_timing,680,3400.0,9,14,19,3400.0,3.4,4.234349727630615,S-like,S_like_by_product_reference,2.1758787631988525
gromacs_1k_timing,681,3405.0,9,15,19,3405.0,3.405,4.618493556976318,S-like,S_like_by_product_reference,3.183824300765991
gromacs_1k_timing,682,3410.0,9,13,22,3410.0,3.41,4.458360195159912,S-like,S_like_by_product_reference,2.323845624923706
gromacs_1k_timing,683,3415.0,9,17,20,3415.0,3.415,4.552721977233887,S-like,S_like_by_product_reference,1.3575416803359983
gromacs_1k_timing,684,3420.0,11,16,22,3420.0,3.42,4.620011806488037,R-like,R_like_by_product_reference,-0.3213586509227752
gromacs_1k_timing,685,3425.0,9,16,20,3425.0,3.425,4.454338550567627,S-like,S_like_by_product_reference,1.966892123222351
gromacs_1k_timing,686,3430.0,10,14,21,3430.0,3.43,4.180298328399658,R-like,R_like_by_product_reference,-3.332050085067749
gromacs_1k_timing,687,3435.0,9,14,21,3435.0,3.435,3.959331750869751,R-like,R_like_by_product_reference,-4.496511936187744
gromacs_1k_timing,688,3440.0,11,15,20,3440.0,3.44,4.5002217292785645,S-like,S_like_by_product_reference,2.387207508087158
gromacs_1k_timing,689,3445.0,10,15,22,3445.0,3.445,4.350747585296631,S-like,S_like_by_product_reference,2.0636088848114014
gromacs_1k_timing,690,3450.0,8,14,19,3450.0,3.45,4.617586612701416,R-like,R_like_by_product_reference,-2.3769407272338867
gromacs_1k_timing,691,3455.0,8,16,19,3455.0,3.455,4.806393146514893,R-like,R_like_by_product_reference,-2.022589921951294
gromacs_1k_timing,692,3460.0,9,14,17,3460.0,3.46,4.293776035308838,R-like,R_like_by_product_reference,-0.7796490788459778
gromacs_1k_timing,693,3465.0,11,15,20,3465.0,3.465,4.230251312255859,S-like,S_like_by_product_reference,0.5636494159698486
gromacs_1k_timing,694,3470.0,9,15,20,3470.0,3.47,4.271170616149902,R-like,R_like_by_product_reference,-0.8890599012374878
gromacs_1k_timing,695,3475.0,8,15,19,3475.0,3.475,4.208632946014404,R-like,R_like_by_product_reference,-0.6599826216697693
gromacs_1k_timing,696,3480.0,10,15,18,3480.0,3.48,4.409103393554688,R-like,R_like_by_product_reference,-1.3839107751846311
gromacs_1k_timing,697,3485.0,10,13,19,3485.0,3.485,4.327425479888916,R-like,R_like_by_product_reference,-1.604272484779358
gromacs_1k_timing,698,3490.0,9,15,21,3490.0,3.49,4.439515113830566,S-like,S_like_by_product_reference,1.4066108465194702
gromacs_1k_timing,699,3495.0,9,14,20,3495.0,3.495,4.389466285705566,S-like,S_like_by_product_reference,1.079569697380066
gromacs_1k_timing,700,3500.0,9,16,19,3500.0,3.5,4.466773986816406,S-like,S_like_by_product_reference,1.3559677600860596
gromacs_1k_timing,701,3505.0,10,13,20,3505.0,3.505,4.35682487487793,S-like,S_like_by_product_reference,2.5804965496063232
gromacs_1k_timing,702,3510.0,10,13,16,3510.0,3.51,4.250272750854492,S-like,S_like_by_product_reference,1.4587011337280271
gromacs_1k_timing,703,3515.0,7,15,17,3515.0,3.515,4.137389183044434,R-like,R_like_by_product_reference,-0.8366538882255554
gromacs_1k_timing,704,3520.0,9,15,20,3520.0,3.52,4.693620681762695,S-like,S_like_by_product_reference,3.065916061401367
gromacs_1k_timing,705,3525.0,7,14,19,3525.0,3.525,4.155096530914307,S-like,S_like_by_product_reference,3.643482446670532
gromacs_1k_timing,706,3530.0,9,14,20,3530.0,3.53,4.3554205894470215,S-like,S_like_by_product_reference,1.2092325687408447
gromacs_1k_timing,707,3535.0,12,12,19,3535.0,3.535,4.48853063583374,S-like,S_like_by_product_reference,2.519129037857056
gromacs_1k_timing,708,3540.0,9,14,19,3540.0,3.54,4.313480854034424,S-like,S_like_by_product_reference,1.6115093231201172
gromacs_1k_timing,709,3545.0,8,15,18,3545.0,3.545,4.514076232910156,S-like,S_like_by_product_reference,2.1713943481445312
gromacs_1k_timing,710,3550.0,9,13,19,3550.0,3.55,4.158728122711182,R-like,R_like_by_product_reference,-0.7784908413887024
gromacs_1k_timing,711,3555.0,9,12,19,3555.0,3.555,4.248776435852051,R-like,R_like_by_product_reference,-0.4952714145183563
gromacs_1k_timing,712,3560.0,8,14,21,3560.0,3.56,4.373798370361328,R-like,R_like_by_product_reference,-1.0553483963012695
gromacs_1k_timing,713,3565.0,11,14,20,3565.0,3.565,4.264366149902344,R-like,R_like_by_product_reference,-1.0692273378372192
gromacs_1k_timing,714,3570.0,10,15,20,3570.0,3.57,4.318249225616455,R-like,R_like_by_product_reference,-1.321495532989502
gromacs_1k_timing,715,3575.0,8,15,18,3575.0,3.575,4.468491554260254,S-like,S_like_by_product_reference,1.7408249378204346
gromacs_1k_timing,716,3580.0,9,14,20,3580.0,3.58,4.431941986083984,S-like,S_like_by_product_reference,0.2283696681261062
gromacs_1k_timing,717,3585.0,10,14,21,3585.0,3.585,4.366944789886475,S-like,S_like_by_product_reference,0.9668548107147216
gromacs_1k_timing,718,3590.0,10,14,20,3590.0,3.59,4.3766865730285645,S-like,S_like_by_product_reference,3.144480466842652
gromacs_1k_timing,719,3595.0,9,16,20,3595.0,3.595,4.404201984405518,R-like,R_like_by_product_reference,-1.3504775762557983
gromacs_1k_timing,720,3600.0,10,15,20,3600.0,3.6,4.377969741821289,S-like,S_like_by_product_reference,2.209529399871826
gromacs_1k_timing,721,3605.0,9,15,18,3605.0,3.605,4.40774393081665,R-like,R_like_by_product_reference,-1.2439788579940796
gromacs_1k_timing,722,3610.0,10,14,19,3610.0,3.61,4.374068260192871,R-like,R_like_by_product_reference,-1.3735051155090332
gromacs_1k_timing,723,3615.0,8,14,17,3615.0,3.615,4.510827541351318,R-like,R_like_by_product_reference,-1.038119196891785
gromacs_1k_timing,724,3620.0,7,16,19,3620.0,3.62,4.551714897155762,S-like,S_like_by_product_reference,1.273039698600769
gromacs_1k_timing,725,3625.0,8,13,21,3625.0,3.625,4.540465354919434,S-like,S_like_by_product_reference,2.040543794631958
gromacs_1k_timing,726,3630.0,9,15,18,3630.0,3.63,4.225362777709961,S-like,S_like_by_product_reference,2.072630882263184
gromacs_1k_timing,727,3635.0,11,17,23,3635.0,3.635,4.485912799835205,S-like,S_like_by_product_reference,2.193355083465576
gromacs_1k_timing,728,3640.0,8,15,21,3640.0,3.64,4.243999481201172,R-like,R_like_by_product_reference,-0.1349941492080688
gromacs_1k_timing,729,3645.0,9,14,20,3645.0,3.645,4.285618305206299,S-like,S_like_by_product_reference,2.0693352222442627
gromacs_1k_timing,730,3650.0,9,16,20,3650.0,3.65,4.548474788665772,S-like,S_like_by_product_reference,2.919057846069336
gromacs_1k_timing,731,3655.0,10,15,21,3655.0,3.655,4.446251392364502,S-like,S_like_by_product_reference,1.942726492881775
gromacs_1k_timing,732,3660.0,10,13,18,3660.0,3.66,4.282581806182861,S-like,S_like_by_product_reference,1.2917035818099976
gromacs_1k_timing,733,3665.0,9,13,18,3665.0,3.665,4.416173458099365,S-like,S_like_by_product_reference,3.615023612976074
gromacs_1k_timing,734,3670.0,10,16,20,3670.0,3.67,4.552478790283203,S-like,S_like_by_product_reference,2.1249051094055176
gromacs_1k_timing,735,3675.0,8,15,20,3675.0,3.675,4.418800354003906,S-like,S_like_by_product_reference,2.62279748916626
gromacs_1k_timing,736,3680.0,11,15,22,3680.0,3.68,4.569736480712891,S-like,S_like_by_product_reference,3.102339506149292
gromacs_1k_timing,737,3685.0,9,16,20,3685.0,3.685,4.438489437103272,S-like,S_like_by_product_reference,2.5176119804382324
gromacs_1k_timing,738,3690.0,11,14,19,3690.0,3.69,4.166941165924072,S-like,S_like_by_product_reference,2.644113063812256
gromacs_1k_timing,739,3695.0,8,15,21,3695.0,3.695,4.452214241027832,S-like,S_like_by_product_reference,4.286885738372803
gromacs_1k_timing,740,3700.0,9,15,21,3700.0,3.7,4.471487045288086,S-like,S_like_by_product_reference,1.604523539543152
gromacs_1k_timing,741,3705.0,11,15,21,3705.0,3.705,4.259883403778076,S-like,S_like_by_product_reference,2.503007650375366
gromacs_1k_timing,742,3710.0,11,15,21,3710.0,3.71,4.423405170440674,S-like,S_like_by_product_reference,3.482128858566284
gromacs_1k_timing,743,3715.0,9,16,20,3715.0,3.715,4.4381208419799805,S-like,S_like_by_product_reference,3.4935572147369385
gromacs_1k_timing,744,3720.0,10,16,21,3720.0,3.72,4.237466335296631,S-like,S_like_by_product_reference,3.553594827651977
gromacs_1k_timing,745,3725.0,9,14,19,3725.0,3.725,4.373201847076416,R-like,R_like_by_product_reference,-2.3710596561431885
gromacs_1k_timing,746,3730.0,8,16,19,3730.0,3.73,4.493416786193848,S-like,S_like_by_product_reference,1.0289146900177002
gromacs_1k_timing,747,3735.0,10,13,19,3735.0,3.735,4.579802513122559,R-like,R_like_by_product_reference,-0.7804615497589111
gromacs_1k_timing,748,3740.0,9,16,20,3740.0,3.74,4.5234456062316895,R-like,R_like_by_product_reference,-2.2444756031036377
gromacs_1k_timing,749,3745.0,12,16,20,3745.0,3.745,4.573061466217041,S-like,S_like_by_product_reference,1.6519006490707395
gromacs_1k_timing,750,3750.0,10,15,19,3750.0,3.75,4.289311408996582,S-like,S_like_by_product_reference,0.9902523159980774
gromacs_1k_timing,751,3755.0,12,16,20,3755.0,3.755,4.304148674011231,S-like,S_like_by_product_reference,1.6623384952545166
gromacs_1k_timing,752,3760.0,13,16,20,3760.0,3.76,4.323493003845215,S-like,S_like_by_product_reference,1.8020633459091189
gromacs_1k_timing,753,3765.0,10,14,22,3765.0,3.765,4.555458068847656,S-like,S_like_by_product_reference,0.7035074830055237
gromacs_1k_timing,754,3770.0,10,15,21,3770.0,3.77,4.283760070800781,R-like,R_like_by_product_reference,-1.224284291267395
gromacs_1k_timing,755,3775.0,9,16,18,3775.0,3.775,4.270716667175293,R-like,R_like_by_product_reference,-0.4983232915401459
gromacs_1k_timing,756,3780.0,9,15,18,3780.0,3.78,4.224146842956543,R-like,R_like_by_product_reference,-0.5931357145309448
gromacs_1k_timing,757,3785.0,10,14,20,3785.0,3.785,4.356842517852783,R-like,R_like_by_product_reference,-0.465837687253952
gromacs_1k_timing,758,3790.0,9,15,18,3790.0,3.79,4.393777370452881,R-like,R_like_by_product_reference,-0.8811443448066711
gromacs_1k_timing,759,3795.0,10,15,20,3795.0,3.795,4.462798595428467,S-like,S_like_by_product_reference,1.2837668657302856
gromacs_1k_timing,760,3800.0,11,15,20,3800.0,3.8,4.248302459716797,S-like,S_like_by_product_reference,3.630189895629883
gromacs_1k_timing,761,3805.0,11,14,21,3805.0,3.805,4.254231452941895,S-like,S_like_by_product_reference,2.563904047012329
gromacs_1k_timing,762,3810.0,9,14,19,3810.0,3.81,4.3204264640808105,S-like,S_like_by_product_reference,2.1761841773986816
gromacs_1k_timing,763,3815.0,12,16,20,3815.0,3.815,4.214962005615234,S-like,S_like_by_product_reference,3.5384507179260254
gromacs_1k_timing,764,3820.0,9,14,21,3820.0,3.82,4.639007568359375,S-like,S_like_by_product_reference,2.211889743804932
gromacs_1k_timing,765,3825.0,11,14,19,3825.0,3.825,4.546218395233154,S-like,S_like_by_product_reference,3.5674915313720703
gromacs_1k_timing,766,3830.0,9,13,24,3830.0,3.83,4.425025939941406,S-like,S_like_by_product_reference,4.649658203125
gromacs_1k_timing,767,3835.0,9,13,20,3835.0,3.835,4.395909309387207,S-like,S_like_by_product_reference,0.6235723495483398
gromacs_1k_timing,768,3840.0,9,14,20,3840.0,3.84,4.3822174072265625,S-like,S_like_by_product_reference,1.2288345098495483
gromacs_1k_timing,769,3845.0,10,14,20,3845.0,3.845,4.684473514556885,S-like,S_like_by_product_reference,3.0614945888519287
gromacs_1k_timing,770,3850.0,10,15,23,3850.0,3.85,4.379157543182373,S-like,S_like_by_product_reference,1.698341727256775
gromacs_1k_timing,771,3855.0,10,15,21,3855.0,3.855,4.523822784423828,S-like,S_like_by_product_reference,1.70518958568573
gromacs_1k_timing,772,3860.0,9,13,20,3860.0,3.86,4.29371976852417,S-like,S_like_by_product_reference,0.3195276856422424
gromacs_1k_timing,773,3865.0,9,13,20,3865.0,3.865,4.295833587646484,R-like,R_like_by_product_reference,-0.7472320795059204
gromacs_1k_timing,774,3870.0,9,15,19,3870.0,3.87,4.3633131980896,R-like,R_like_by_product_reference,-0.5490831136703491
gromacs_1k_timing,775,3875.0,10,15,19,3875.0,3.875,4.400252342224121,R-like,R_like_by_product_reference,-0.912845253944397
gromacs_1k_timing,776,3880.0,9,12,19,3880.0,3.88,4.602826118469238,R-like,R_like_by_product_reference,-1.2969393730163574
gromacs_1k_timing,777,3885.0,11,14,20,3885.0,3.885,4.631006240844727,S-like,S_like_by_product_reference,2.168412685394287
gromacs_1k_timing,778,3890.0,10,14,21,3890.0,3.89,4.402789115905762,S-like,S_like_by_product_reference,1.7515640258789062
gromacs_1k_timing,779,3895.0,9,14,19,3895.0,3.895,4.1934590339660645,S-like,S_like_by_product_reference,2.4739811420440674
gromacs_1k_timing,780,3900.0,11,14,20,3900.0,3.9,4.54173755645752,S-like,S_like_by_product_reference,1.2684236764907837
gromacs_1k_timing,781,3905.0,9,14,20,3905.0,3.905,4.4932942390441895,S-like,S_like_by_product_reference,2.1008918285369877
gromacs_1k_timing,782,3910.0,10,15,19,3910.0,3.91,4.537764549255371,S-like,S_like_by_product_reference,2.5558202266693115
gromacs_1k_timing,783,3915.0,10,16,21,3915.0,3.915,4.697457313537598,S-like,S_like_by_product_reference,0.6493771076202393
gromacs_1k_timing,784,3920.0,11,15,21,3920.0,3.92,4.5068182945251465,S-like,S_like_by_product_reference,3.495736837387085
gromacs_1k_timing,785,3925.0,10,14,20,3925.0,3.925,4.351861476898193,S-like,S_like_by_product_reference,0.8487165570259094
gromacs_1k_timing,786,3930.0,10,15,20,3930.0,3.93,4.338019371032715,S-like,S_like_by_product_reference,1.6809749603271484
gromacs_1k_timing,787,3935.0,11,16,20,3935.0,3.935,4.579846858978272,R-like,R_like_by_product_reference,-0.5361924767494202
gromacs_1k_timing,788,3940.0,10,14,18,3940.0,3.94,4.280022144317627,S-like,S_like_by_product_reference,1.862790584564209
gromacs_1k_timing,789,3945.0,11,15,20,3945.0,3.945,4.451393127441406,S-like,S_like_by_product_reference,2.855933904647827
gromacs_1k_timing,790,3950.0,10,14,21,3950.0,3.95,4.65327787399292,S-like,S_like_by_product_reference,2.207441806793213
gromacs_1k_timing,791,3955.0,11,16,18,3955.0,3.955,4.627766132354736,S-like,S_like_by_product_reference,2.877527952194214
gromacs_1k_timing,792,3960.0,11,15,21,3960.0,3.96,4.716576099395752,S-like,S_like_by_product_reference,2.3570964336395264
gromacs_1k_timing,793,3965.0,10,14,19,3965.0,3.965,4.54606294631958,S-like,S_like_by_product_reference,1.4707496166229248
gromacs_1k_timing,794,3970.0,11,14,21,3970.0,3.97,4.5654802322387695,S-like,S_like_by_product_reference,1.2008817195892334
gromacs_1k_timing,795,3975.0,9,14,21,3975.0,3.975,4.348915100097656,S-like,S_like_by_product_reference,3.166905641555786
gromacs_1k_timing,796,3980.0,9,15,18,3980.0,3.98,4.330602169036865,S-like,S_like_by_product_reference,2.2390835285186768
gromacs_1k_timing,797,3985.0,9,15,21,3985.0,3.985,4.444750308990479,S-like,S_like_by_product_reference,3.642799615859986
gromacs_1k_timing,798,3990.0,10,15,20,3990.0,3.99,4.288825511932373,S-like,S_like_by_product_reference,3.647136926651001
gromacs_1k_timing,799,3995.0,9,14,20,3995.0,3.995,4.609705924987793,S-like,S_like_by_product_reference,2.596102714538574
gromacs_1k_timing,800,4000.0,10,14,21,4000.0,4.0,4.306437015533447,S-like,S_like_by_product_reference,2.047518730163574
gromacs_1k_timing,801,4005.0,10,14,19,4005.0,4.005,4.32450008392334,S-like,S_like_by_product_reference,2.158512115478516
gromacs_1k_timing,802,4010.0,10,13,18,4010.0,4.01,4.381836891174316,S-like,S_like_by_product_reference,2.2456588745117188
gromacs_1k_timing,803,4015.0,11,14,19,4015.0,4.015,4.371429920196533,S-like,S_like_by_product_reference,2.8716928958892822
gromacs_1k_timing,804,4020.0,8,14,19,4020.0,4.02,4.353058338165283,S-like,S_like_by_product_reference,1.6563345193862915
gromacs_1k_timing,805,4025.0,11,15,20,4025.0,4.025,4.351505279541016,S-like,S_like_by_product_reference,2.1445884704589844
gromacs_1k_timing,806,4030.0,10,14,18,4030.0,4.03,4.387015342712402,S-like,S_like_by_product_reference,1.8369711637496948
gromacs_1k_timing,807,4035.0,10,15,21,4035.0,4.035,4.395180702209473,S-like,S_like_by_product_reference,1.831042766571045
gromacs_1k_timing,808,4040.0,9,16,19,4040.0,4.04,4.509037494659424,S-like,S_like_by_product_reference,3.178485870361328
gromacs_1k_timing,809,4045.0,9,14,19,4045.0,4.045,4.626885890960693,S-like,S_like_by_product_reference,2.1964707374572754
gromacs_1k_timing,810,4050.0,11,14,19,4050.0,4.05,4.349631786346436,R-like,R_like_by_product_reference,-0.4468959867954254
gromacs_1k_timing,811,4055.0,9,13,17,4055.0,4.055,4.350059986114502,R-like,R_like_by_product_reference,-1.3579914569854736
gromacs_1k_timing,812,4060.0,11,14,17,4060.0,4.06,4.1956305503845215,S-like,S_like_by_product_reference,2.695786237716675
gromacs_1k_timing,813,4065.0,10,15,20,4065.0,4.065,4.285348415374756,S-like,S_like_by_product_reference,2.247212648391724
gromacs_1k_timing,814,4070.0,10,13,20,4070.0,4.07,4.103692531585693,R-like,R_like_by_product_reference,-2.269951105117798
gromacs_1k_timing,815,4075.0,8,15,19,4075.0,4.075,4.344250202178955,S-like,S_like_by_product_reference,2.095065116882324
gromacs_1k_timing,816,4080.0,10,16,18,4080.0,4.08,4.186141490936279,R-like,R_like_by_product_reference,-0.4227668642997741
gromacs_1k_timing,817,4085.0,8,14,17,4085.0,4.085,4.245938301086426,S-like,S_like_by_product_reference,4.640223026275635
gromacs_1k_timing,818,4090.0,10,16,18,4090.0,4.09,4.52151346206665,S-like,S_like_by_product_reference,3.717696666717529
gromacs_1k_timing,819,4095.0,10,15,17,4095.0,4.095,4.242002010345459,S-like,S_like_by_product_reference,3.7778470516204834
gromacs_1k_timing,820,4100.0,10,16,20,4100.0,4.1,4.431760311126709,S-like,S_like_by_product_reference,0.8335763812065125
gromacs_1k_timing,821,4105.0,9,14,18,4105.0,4.105,4.385190486907959,S-like,S_like_by_product_reference,3.2313733100891118
gromacs_1k_timing,822,4110.0,10,15,17,4110.0,4.11,4.222252368927002,R-like,R_like_by_product_reference,-1.1508468389511108
gromacs_1k_timing,823,4115.0,10,14,17,4115.0,4.115,4.333369731903076,R-like,R_like_by_product_reference,-1.442132592201233
gromacs_1k_timing,824,4120.0,8,14,16,4120.0,4.12,4.184220314025879,R-like,R_like_by_product_reference,-0.0460039936006069
gromacs_1k_timing,825,4125.0,8,12,18,4125.0,4.125,4.446446895599365,R-like,R_like_by_product_reference,-0.3334774971008301
gromacs_1k_timing,826,4130.0,12,15,20,4130.0,4.13,4.359720230102539,S-like,S_like_by_product_reference,0.6961577534675598
gromacs_1k_timing,827,4135.0,12,14,20,4135.0,4.135,4.5632100105285645,S-like,S_like_by_product_reference,2.275596618652344
gromacs_1k_timing,828,4140.0,11,14,22,4140.0,4.14,4.240574836730957,S-like,S_like_by_product_reference,2.7919719219207764
gromacs_1k_timing,829,4145.0,10,15,17,4145.0,4.145,4.332444667816162,R-like,R_like_by_product_reference,-1.392542004585266
gromacs_1k_timing,830,4150.0,8,14,20,4150.0,4.15,4.2279815673828125,S-like,S_like_by_product_reference,2.369479179382324
gromacs_1k_timing,831,4155.0,9,12,18,4155.0,4.155,4.51608419418335,S-like,S_like_by_product_reference,2.151194334030152
gromacs_1k_timing,832,4160.0,10,14,20,4160.0,4.16,4.313305377960205,R-like,R_like_by_product_reference,-0.3624651432037353
gromacs_1k_timing,833,4165.0,6,13,19,4165.0,4.165,4.391287803649902,S-like,S_like_by_product_reference,2.733649492263794
gromacs_1k_timing,834,4170.0,10,13,18,4170.0,4.17,4.381848335266113,S-like,S_like_by_product_reference,0.6653152704238892
gromacs_1k_timing,835,4175.0,10,14,17,4175.0,4.175,4.35059928894043,S-like,S_like_by_product_reference,2.9421751499176025
gromacs_1k_timing,836,4180.0,9,14,19,4180.0,4.18,4.164918422698975,R-like,R_like_by_product_reference,-2.875748872756958
gromacs_1k_timing,837,4185.0,9,14,18,4185.0,4.185,4.3316650390625,S-like,S_like_by_product_reference,4.502902984619141
gromacs_1k_timing,838,4190.0,11,14,22,4190.0,4.19,4.370380401611328,S-like,S_like_by_product_reference,3.1772170066833496
gromacs_1k_timing,839,4195.0,10,14,20,4195.0,4.195,4.506996154785156,S-like,S_like_by_product_reference,2.5478503704071045
gromacs_1k_timing,840,4200.0,9,13,18,4200.0,4.2,4.389235973358154,S-like,S_like_by_product_reference,2.628425121307373
gromacs_1k_timing,841,4205.0,10,14,18,4205.0,4.205,4.2968597412109375,R-like,R_like_by_product_reference,-1.6955885887145996
gromacs_1k_timing,842,4210.0,10,14,18,4210.0,4.21,4.277167797088623,R-like,R_like_by_product_reference,-0.3521603643894195
gromacs_1k_timing,843,4215.0,10,15,16,4215.0,4.215,4.359920501708984,R-like,R_like_by_product_reference,-1.042529582977295
gromacs_1k_timing,844,4220.0,11,16,20,4220.0,4.22,4.32311487197876,R-like,R_like_by_product_reference,-2.622225761413574
gromacs_1k_timing,845,4225.0,9,14,17,4225.0,4.225,4.318078994750977,R-like,R_like_by_product_reference,-1.4099993705749512
gromacs_1k_timing,846,4230.0,10,13,17,4230.0,4.23,4.496433734893799,S-like,S_like_by_product_reference,2.7869739532470703
gromacs_1k_timing,847,4235.0,10,14,16,4235.0,4.235,4.360937595367432,S-like,S_like_by_product_reference,3.5450031757354736
gromacs_1k_timing,848,4240.0,10,13,15,4240.0,4.24,4.244442939758301,S-like,S_like_by_product_reference,2.115678310394287
gromacs_1k_timing,849,4245.0,10,14,16,4245.0,4.245,4.29889726638794,S-like,S_like_by_product_reference,2.951701402664185
gromacs_1k_timing,850,4250.0,7,13,17,4250.0,4.25,4.208062171936035,S-like,S_like_by_product_reference,3.540468215942383
gromacs_1k_timing,851,4255.0,10,12,16,4255.0,4.255,4.476876258850098,S-like,S_like_by_product_reference,2.625252246856689
gromacs_1k_timing,852,4260.0,9,12,19,4260.0,4.26,4.381461143493652,S-like,S_like_by_product_reference,3.5465903282165527
gromacs_1k_timing,853,4265.0,11,14,15,4265.0,4.265,4.2128520011901855,R-like,R_like_by_product_reference,-2.177542209625244
gromacs_1k_timing,854,4270.0,11,13,16,4270.0,4.27,3.032372236251831,S-like,S_like_by_product_reference,4.768528461456299
gromacs_1k_timing,855,4275.0,11,12,15,4275.0,4.275,2.871690034866333,S-like,S_like_by_product_reference,5.18244743347168
gromacs_1k_timing,856,4280.0,9,12,15,4280.0,4.28,2.833568334579468,S-like,S_like_by_product_reference,4.258694648742676
gromacs_1k_timing,857,4285.0,8,11,15,4285.0,4.285,3.05695915222168,S-like,S_like_by_product_reference,3.403927803039551
gromacs_1k_timing,858,4290.0,9,12,17,4290.0,4.29,3.763419389724731,S-like,S_like_by_product_reference,5.765174388885498
gromacs_1k_timing,859,4295.0,11,12,20,4295.0,4.295,4.603696346282959,S-like,S_like_by_product_reference,1.7293883562088013
gromacs_1k_timing,860,4300.0,11,14,20,4300.0,4.3,4.311203002929688,S-like,S_like_by_product_reference,1.7343186140060425
gromacs_1k_timing,861,4305.0,10,13,17,4305.0,4.305,4.20469856262207,S-like,S_like_by_product_reference,5.017792224884033
gromacs_1k_timing,862,4310.0,11,14,19,4310.0,4.31,4.126558780670166,S-like,S_like_by_product_reference,0.6196117997169495
gromacs_1k_timing,863,4315.0,11,13,18,4315.0,4.315,4.085218906402588,S-like,S_like_by_product_reference,1.3227009773254397
gromacs_1k_timing,864,4320.0,9,13,15,4320.0,4.32,4.442161560058594,S-like,S_like_by_product_reference,1.8410528898239136
gromacs_1k_timing,865,4325.0,10,13,20,4325.0,4.325,4.491033554077148,S-like,S_like_by_product_reference,1.331202507019043
gromacs_1k_timing,866,4330.0,10,13,19,4330.0,4.33,4.306808471679688,S-like,S_like_by_product_reference,0.8165947794914246
gromacs_1k_timing,867,4335.0,10,13,18,4335.0,4.335,4.089902400970459,S-like,S_like_by_product_reference,4.446633338928223
gromacs_1k_timing,868,4340.0,10,12,18,4340.0,4.34,4.456884384155273,S-like,S_like_by_product_reference,1.0391265153884888
gromacs_1k_timing,869,4345.0,9,13,16,4345.0,4.345,4.328487873077393,S-like,S_like_by_product_reference,1.0931332111358645
gromacs_1k_timing,870,4350.0,9,13,14,4350.0,4.35,4.2041497230529785,R-like,R_like_by_product_reference,-0.2248959839344024
gromacs_1k_timing,871,4355.0,10,12,15,4355.0,4.355,4.239597320556641,S-like,S_like_by_product_reference,2.82910704612732
gromacs_1k_timing,872,4360.0,10,13,19,4360.0,4.36,4.335954666137695,S-like,S_like_by_product_reference,3.4427380561828613
gromacs_1k_timing,873,4365.0,10,12,17,4365.0,4.365,4.216952800750732,S-like,S_like_by_product_reference,2.632317543029785
gromacs_1k_timing,874,4370.0,10,12,17,4370.0,4.37,4.2611494064331055,S-like,S_like_by_product_reference,4.0951313972473145
gromacs_1k_timing,875,4375.0,9,11,17,4375.0,4.375,4.313074588775635,S-like,S_like_by_product_reference,2.395129919052124
gromacs_1k_timing,876,4380.0,10,12,15,4380.0,4.38,4.113598346710205,S-like,S_like_by_product_reference,3.6559479236602783
gromacs_1k_timing,877,4385.0,9,13,17,4385.0,4.385,4.272164821624756,S-like,S_like_by_product_reference,1.8643202781677248
gromacs_1k_timing,878,4390.0,10,12,18,4390.0,4.39,4.38236141204834,R-like,R_like_by_product_reference,-1.7911142110824585
gromacs_1k_timing,879,4395.0,9,12,17,4395.0,4.395,4.467672824859619,R-like,R_like_by_product_reference,-2.235559463500977
gromacs_1k_timing,880,4400.0,10,12,16,4400.0,4.4,4.319041728973389,R-like,R_like_by_product_reference,-0.7911412715911865
gromacs_1k_timing,881,4405.0,9,13,17,4405.0,4.405,4.271076679229736,S-like,S_like_by_product_reference,3.0558903217315674
gromacs_1k_timing,882,4410.0,11,13,17,4410.0,4.41,4.421642303466797,S-like,S_like_by_product_reference,2.6358401775360107
gromacs_1k_timing,883,4415.0,10,14,18,4415.0,4.415,4.231854438781738,S-like,S_like_by_product_reference,1.3352186679840088
gromacs_1k_timing,884,4420.0,12,13,16,4420.0,4.42,4.142172336578369,S-like,S_like_by_product_reference,3.288682699203491
gromacs_1k_timing,885,4425.0,11,13,19,4425.0,4.425,4.26908540725708,S-like,S_like_by_product_reference,3.723963975906372
gromacs_1k_timing,886,4430.0,10,13,17,4430.0,4.43,4.462836265563965,S-like,S_like_by_product_reference,2.2243010997772217
gromacs_1k_timing,887,4435.0,11,13,15,4435.0,4.435,4.5638346672058105,S-like,S_like_by_product_reference,1.901848554611206
gromacs_1k_timing,888,4440.0,10,14,16,4440.0,4.44,4.069260120391846,S-like,S_like_by_product_reference,1.0035216808319092
gromacs_1k_timing,889,4445.0,11,14,18,4445.0,4.445,4.207683563232422,S-like,S_like_by_product_reference,2.5049917697906494
gromacs_1k_timing,890,4450.0,11,13,18,4450.0,4.45,4.282217979431152,S-like,S_like_by_product_reference,2.8289804458618164
gromacs_1k_timing,891,4455.0,10,13,18,4455.0,4.455,4.360025405883789,S-like,S_like_by_product_reference,1.413822054862976
gromacs_1k_timing,892,4460.0,10,12,20,4460.0,4.46,4.276083946228027,S-like,S_like_by_product_reference,2.123838424682617
gromacs_1k_timing,893,4465.0,10,13,17,4465.0,4.465,4.579195976257324,S-like,S_like_by_product_reference,2.685356616973877
gromacs_1k_timing,894,4470.0,11,13,15,4470.0,4.47,4.26320219039917,S-like,S_like_by_product_reference,2.5049870014190674
gromacs_1k_timing,895,4475.0,10,13,15,4475.0,4.475,4.280525207519531,S-like,S_like_by_product_reference,2.8621976375579834
gromacs_1k_timing,896,4480.0,11,13,19,4480.0,4.48,4.362624168395996,S-like,S_like_by_product_reference,1.610042929649353
gromacs_1k_timing,897,4485.0,12,13,19,4485.0,4.485,4.364527702331543,S-like,S_like_by_product_reference,3.3722143173217773
gromacs_1k_timing,898,4490.0,10,13,17,4490.0,4.49,4.293227672576904,S-like,S_like_by_product_reference,3.420586585998535
gromacs_1k_timing,899,4495.0,11,12,16,4495.0,4.495,4.217880725860596,S-like,S_like_by_product_reference,1.5117347240447998
gromacs_1k_timing,900,4500.0,10,13,16,4500.0,4.5,4.558391094207764,S-like,S_like_by_product_reference,1.958272933959961
gromacs_1k_timing,901,4505.0,11,13,17,4505.0,4.505,4.114495754241943,S-like,S_like_by_product_reference,3.3245737552642822
gromacs_1k_timing,902,4510.0,9,14,18,4510.0,4.51,4.682870864868164,S-like,S_like_by_product_reference,2.262394428253174
gromacs_1k_timing,903,4515.0,11,13,15,4515.0,4.515,4.268317222595215,S-like,S_like_by_product_reference,3.660211563110352
gromacs_1k_timing,904,4520.0,9,13,14,4520.0,4.52,4.323390007019043,S-like,S_like_by_product_reference,2.720015048980713
gromacs_1k_timing,905,4525.0,11,12,15,4525.0,4.525,4.534732818603516,S-like,S_like_by_product_reference,2.125408887863159
gromacs_1k_timing,906,4530.0,9,12,19,4530.0,4.53,4.543676853179932,S-like,S_like_by_product_reference,1.7154747247695925
gromacs_1k_timing,907,4535.0,10,12,19,4535.0,4.535,4.431356906890869,S-like,S_like_by_product_reference,3.61167049407959
gromacs_1k_timing,908,4540.0,9,13,14,4540.0,4.54,4.28726053237915,R-like,R_like_by_product_reference,-1.1049848794937134
gromacs_1k_timing,909,4545.0,11,13,15,4545.0,4.545,4.284552097320557,S-like,S_like_by_product_reference,1.8026453256607056
gromacs_1k_timing,910,4550.0,11,13,17,4550.0,4.55,4.406825542449951,R-like,R_like_by_product_reference,-0.7209858894348145
gromacs_1k_timing,911,4555.0,9,13,16,4555.0,4.555,4.302696228027344,R-like,R_like_by_product_reference,-2.101792097091675
gromacs_1k_timing,912,4560.0,10,11,20,4560.0,4.56,4.460223197937012,R-like,R_like_by_product_reference,-3.416965961456299
gromacs_1k_timing,913,4565.0,9,13,20,4565.0,4.565,4.24990701675415,S-like,S_like_by_product_reference,2.789189577102661
gromacs_1k_timing,914,4570.0,10,11,16,4570.0,4.57,4.310232639312744,R-like,R_like_by_product_reference,-0.3537408411502838
gromacs_1k_timing,915,4575.0,8,13,20,4575.0,4.575,4.729278564453125,S-like,S_like_by_product_reference,2.718308448791504
gromacs_1k_timing,916,4580.0,9,11,17,4580.0,4.58,4.388314723968506,R-like,R_like_by_product_reference,-2.182390689849853
gromacs_1k_timing,917,4585.0,10,12,17,4585.0,4.585,4.226356029510498,R-like,R_like_by_product_reference,-1.7843104600906372
gromacs_1k_timing,918,4590.0,10,13,17,4590.0,4.59,4.686872959136963,S-like,S_like_by_product_reference,3.927179574966431
gromacs_1k_timing,919,4595.0,9,14,16,4595.0,4.595,4.417725086212158,S-like,S_like_by_product_reference,3.1226806640625
gromacs_1k_timing,920,4600.0,10,11,18,4600.0,4.6,4.2448344230651855,S-like,S_like_by_product_reference,0.9852832555770874
gromacs_1k_timing,921,4605.0,10,13,17,4605.0,4.605,4.3212714195251465,S-like,S_like_by_product_reference,4.228297233581543
gromacs_1k_timing,922,4610.0,10,13,17,4610.0,4.61,4.291210174560547,S-like,S_like_by_product_reference,0.248614102602005
gromacs_1k_timing,923,4615.0,9,14,17,4615.0,4.615,4.213907241821289,R-like,R_like_by_product_reference,-0.0944091528654098
gromacs_1k_timing,924,4620.0,11,13,19,4620.0,4.62,4.167600631713867,S-like,S_like_by_product_reference,0.9060905575752258
gromacs_1k_timing,925,4625.0,9,11,19,4625.0,4.625,4.224513530731201,S-like,S_like_by_product_reference,1.9680265188217163
gromacs_1k_timing,926,4630.0,10,13,17,4630.0,4.63,4.429286956787109,R-like,R_like_by_product_reference,-0.5580381155014038
gromacs_1k_timing,927,4635.0,9,13,19,4635.0,4.635,4.74436616897583,S-like,S_like_by_product_reference,3.50994610786438
gromacs_1k_timing,928,4640.0,9,13,19,4640.0,4.64,4.276612758636475,S-like,S_like_by_product_reference,2.7890284061431885
gromacs_1k_timing,929,4645.0,10,13,20,4645.0,4.645,4.547640800476074,S-like,S_like_by_product_reference,2.903625249862671
gromacs_1k_timing,930,4650.0,9,12,15,4650.0,4.65,4.104218006134033,S-like,S_like_by_product_reference,2.7555994987487797
gromacs_1k_timing,931,4655.0,10,13,17,4655.0,4.655,4.543953895568848,S-like,S_like_by_product_reference,2.7845892906188965
gromacs_1k_timing,932,4660.0,9,11,15,4660.0,4.66,4.257298469543457,R-like,R_like_by_product_reference,-0.6176332235336304
gromacs_1k_timing,933,4665.0,10,13,17,4665.0,4.665,4.370196342468262,S-like,S_like_by_product_reference,0.3030902445316314
gromacs_1k_timing,934,4670.0,9,11,16,4670.0,4.67,4.35673189163208,S-like,S_like_by_product_reference,3.0286965370178223
gromacs_1k_timing,935,4675.0,10,12,14,4675.0,4.675,4.367309093475342,S-like,S_like_by_product_reference,0.0141351372003555
gromacs_1k_timing,936,4680.0,9,12,17,4680.0,4.68,4.349761486053467,R-like,R_like_by_product_reference,-0.6430529356002808
gromacs_1k_timing,937,4685.0,10,10,14,4685.0,4.685,4.278554439544678,R-like,R_like_by_product_reference,-0.4442588984966278
gromacs_1k_timing,938,4690.0,9,11,16,4690.0,4.69,4.335169792175293,S-like,S_like_by_product_reference,0.6057681441307068
gromacs_1k_timing,939,4695.0,10,13,14,4695.0,4.695,4.32557487487793,S-like,S_like_by_product_reference,1.6302649974822998
gromacs_1k_timing,940,4700.0,9,13,16,4700.0,4.7,4.470861911773682,S-like,S_like_by_product_reference,2.019771814346313
gromacs_1k_timing,941,4705.0,9,13,15,4705.0,4.705,4.524799823760986,R-like,R_like_by_product_reference,-0.4075314700603485
gromacs_1k_timing,942,4710.0,10,12,15,4710.0,4.71,4.248873233795166,R-like,R_like_by_product_reference,-1.1495128870010376
gromacs_1k_timing,943,4715.0,10,12,15,4715.0,4.715,4.377770900726318,R-like,R_like_by_product_reference,-0.6010144352912903
gromacs_1k_timing,944,4720.0,11,13,17,4720.0,4.72,4.306018829345703,R-like,R_like_by_product_reference,-1.7950451374053955
gromacs_1k_timing,945,4725.0,10,12,16,4725.0,4.725,4.217511177062988,R-like,R_like_by_product_reference,-1.071799874305725
gromacs_1k_timing,946,4730.0,9,13,17,4730.0,4.73,4.408455848693848,R-like,R_like_by_product_reference,-2.2772254943847656
gromacs_1k_timing,947,4735.0,10,13,15,4735.0,4.735,4.544770240783691,R-like,R_like_by_product_reference,-1.3653090000152588
gromacs_1k_timing,948,4740.0,10,13,16,4740.0,4.74,4.175009727478027,S-like,S_like_by_product_reference,4.5594916343688965
gromacs_1k_timing,949,4745.0,10,13,17,4745.0,4.745,4.270361423492432,S-like,S_like_by_product_reference,3.4357898235321045
gromacs_1k_timing,950,4750.0,9,13,18,4750.0,4.75,4.265814781188965,S-like,S_like_by_product_reference,0.573067843914032
gromacs_1k_timing,951,4755.0,9,13,16,4755.0,4.755,4.271313190460205,S-like,S_like_by_product_reference,1.980738878250122
gromacs_1k_timing,952,4760.0,10,12,14,4760.0,4.76,4.349470138549805,S-like,S_like_by_product_reference,1.393399000167847
gromacs_1k_timing,953,4765.0,10,13,16,4765.0,4.765,4.158536911010742,R-like,R_like_by_product_reference,-0.9157705903053284
gromacs_1k_timing,954,4770.0,10,12,17,4770.0,4.77,4.392334938049316,R-like,R_like_by_product_reference,-0.4476213455200195
gromacs_1k_timing,955,4775.0,10,12,16,4775.0,4.775,4.440053939819336,S-like,S_like_by_product_reference,4.106130599975586
gromacs_1k_timing,956,4780.0,10,13,15,4780.0,4.78,4.180454730987549,R-like,R_like_by_product_reference,-3.2093122005462646
gromacs_1k_timing,957,4785.0,11,13,16,4785.0,4.785,4.369866371154785,R-like,R_like_by_product_reference,-1.5128257274627686
gromacs_1k_timing,958,4790.0,10,14,18,4790.0,4.79,4.504411220550537,S-like,S_like_by_product_reference,1.716976284980774
gromacs_1k_timing,959,4795.0,11,15,16,4795.0,4.795,4.316918849945068,S-like,S_like_by_product_reference,2.932112693786621
gromacs_1k_timing,960,4800.0,10,13,18,4800.0,4.8,4.4806809425354,S-like,S_like_by_product_reference,1.6180657148361206
gromacs_1k_timing,961,4805.0,9,14,21,4805.0,4.805,4.394827365875244,S-like,S_like_by_product_reference,3.503929615020752
gromacs_1k_timing,962,4810.0,10,13,18,4810.0,4.81,4.159518718719482,S-like,S_like_by_product_reference,2.9676859378814697
gromacs_1k_timing,963,4815.0,11,13,17,4815.0,4.815,4.40665340423584,S-like,S_like_by_product_reference,3.4445481300354004
gromacs_1k_timing,964,4820.0,11,13,17,4820.0,4.82,4.324121475219727,S-like,S_like_by_product_reference,2.989516496658325
gromacs_1k_timing,965,4825.0,9,13,17,4825.0,4.825,4.3243021965026855,S-like,S_like_by_product_reference,0.2333543449640274
gromacs_1k_timing,966,4830.0,9,13,19,4830.0,4.83,4.237570285797119,S-like,S_like_by_product_reference,1.1747233867645264
gromacs_1k_timing,967,4835.0,10,12,18,4835.0,4.835,4.118797779083252,R-like,R_like_by_product_reference,-1.906895875930786
gromacs_1k_timing,968,4840.0,10,11,17,4840.0,4.84,4.383481502532959,R-like,R_like_by_product_reference,-1.2178384065628052
gromacs_1k_timing,969,4845.0,9,13,16,4845.0,4.845,4.228890895843506,R-like,R_like_by_product_reference,-2.202604293823242
gromacs_1k_timing,970,4850.0,11,13,15,4850.0,4.85,4.265326023101807,R-like,R_like_by_product_reference,-2.273247718811035
gromacs_1k_timing,971,4855.0,10,13,17,4855.0,4.855,4.316202640533447,R-like,R_like_by_product_reference,-0.8822404146194458
gromacs_1k_timing,972,4860.0,12,13,19,4860.0,4.86,4.209635257720947,R-like,R_like_by_product_reference,-1.4583206176757812
gromacs_1k_timing,973,4865.0,9,13,16,4865.0,4.865,4.250889778137207,R-like,R_like_by_product_reference,-1.691877365112305
gromacs_1k_timing,974,4870.0,10,13,16,4870.0,4.87,4.3173370361328125,R-like,R_like_by_product_reference,-2.0055642127990723
gromacs_1k_timing,975,4875.0,10,13,19,4875.0,4.875,4.443638801574707,S-like,S_like_by_product_reference,0.2451395094394683
gromacs_1k_timing,976,4880.0,11,13,17,4880.0,4.88,4.253870487213135,R-like,R_like_by_product_reference,-1.9062042236328125
gromacs_1k_timing,977,4885.0,11,13,18,4885.0,4.885,4.25828742980957,S-like,S_like_by_product_reference,1.4924860000610352
gromacs_1k_timing,978,4890.0,10,13,15,4890.0,4.89,4.345829963684082,R-like,R_like_by_product_reference,-1.6766142845153809
gromacs_1k_timing,979,4895.0,8,13,17,4895.0,4.895,4.321875095367432,S-like,S_like_by_product_reference,4.162904739379883
gromacs_1k_timing,980,4900.0,10,13,20,4900.0,4.9,4.12933349609375,S-like,S_like_by_product_reference,4.841379642486572
gromacs_1k_timing,981,4905.0,9,13,17,4905.0,4.905,4.302673816680908,S-like,S_like_by_product_reference,3.3183422088623047
gromacs_1k_timing,982,4910.0,10,13,17,4910.0,4.91,4.198022365570068,S-like,S_like_by_product_reference,2.097321033477783
gromacs_1k_timing,983,4915.0,10,13,20,4915.0,4.915,4.132711887359619,S-like,S_like_by_product_reference,0.6147297024726868
gromacs_1k_timing,984,4920.0,9,12,16,4920.0,4.92,3.13280987739563,S-like,S_like_by_product_reference,5.459493637084961
gromacs_1k_timing,985,4925.0,10,14,16,4925.0,4.925,4.164732456207275,S-like,S_like_by_product_reference,0.4425143599510193
gromacs_1k_timing,986,4930.0,9,13,15,4930.0,4.93,4.277217388153076,R-like,R_like_by_product_reference,-0.1850668489933014
gromacs_1k_timing,987,4935.0,9,14,19,4935.0,4.935,4.68062162399292,S-like,S_like_by_product_reference,3.078845977783203
gromacs_1k_timing,988,4940.0,10,14,17,4940.0,4.94,4.357337951660156,S-like,S_like_by_product_reference,3.332444906234741
gromacs_1k_timing,989,4945.0,11,16,21,4945.0,4.945,4.405099391937256,S-like,S_like_by_product_reference,1.2122087478637695
gromacs_1k_timing,990,4950.0,10,15,18,4950.0,4.95,4.6002278327941895,S-like,S_like_by_product_reference,2.3971407413482666
gromacs_1k_timing,991,4955.0,10,16,19,4955.0,4.955,4.447493076324463,S-like,S_like_by_product_reference,0.5702810883522034
gromacs_1k_timing,992,4960.0,10,15,18,4960.0,4.96,4.221718311309815,S-like,S_like_by_product_reference,0.2781054377555847
gromacs_1k_timing,993,4965.0,8,11,18,4965.0,4.965,4.439517498016357,S-like,S_like_by_product_reference,2.7115025520324707
gromacs_1k_timing,994,4970.0,10,15,19,4970.0,4.97,4.412098407745361,S-like,S_like_by_product_reference,0.4498414099216461
gromacs_1k_timing,995,4975.0,9,13,17,4975.0,4.975,4.377088069915772,S-like,S_like_by_product_reference,1.5720179080963137
gromacs_1k_timing,996,4980.0,9,14,19,4980.0,4.98,4.22957181930542,S-like,S_like_by_product_reference,1.6918243169784546
gromacs_1k_timing,997,4985.0,9,13,17,4985.0,4.985,4.326578617095947,R-like,R_like_by_product_reference,-0.2779251635074615
gromacs_1k_timing,998,4990.0,10,13,19,4990.0,4.99,4.1982245445251465,S-like,S_like_by_product_reference,0.2250648736953735
gromacs_1k_timing,999,4995.0,9,13,18,4995.0,4.995,4.335908889770508,S-like,S_like_by_product_reference,2.947331190109253
